event_id,series,year,event_status,country,prefecture_or_state,city,venue_names,verification_status,source_url,note
JJF-1999,JJF,1999,held,日本,東京都,府中市,"府中青年の家 体育館;府中中央文化センター",verified,https://www.juggling.jp/jjf/jjf1999/,"第1回"
JJF-2000,JJF,2000,held,日本,京都府,京田辺市,"京都厚生年金休暇センター",verified,https://www.juggling.jp/jjf/jjf2000/,"現名称・現存状況は要再確認"
JJF-2001,JJF,2001,held,日本,愛知県,名古屋市,"志段味スポーツランド;名古屋市中村文化小劇場",verified,https://www.juggling.jp/jjf/jjf2001/,"体育空間と舞台空間の組合せ"
JJF-2002,JJF,2002,held,日本,神奈川県,川崎市・東京都世田谷区,"とどろきアリーナ;世田谷区烏山区民会館",verified,https://www.juggling.jp/jjf/jjf2002/,"複数自治体の組合せ"
JJF-2003,JJF,2003,held,日本,宮城県,仙台市,"仙台市泉総合運動場 泉体育館;仙台市青年文化センター 交流ホール",verified,https://www.juggling.jp/jjf/jjf2003/,"体育空間と舞台空間の組合せ"
JJF-2004,JJF,2004,held,日本,愛知県,名古屋市,"オアシス21 銀河の広場",verified,https://www.juggling.jp/jjf/jjf2004/,"併催会場は追加監査対象"
JJF-2005,JJF,2005,held,日本,大阪府,大阪市,"大阪府立体育会館 第2競技場",verified,https://www.juggling.jp/jjf/jjf2005/,"現愛称・現名称は要併記"
JJF-2006,JJF,2006,held,日本,東京都,渋谷区,"国立オリンピック記念青少年総合センター",verified,https://www.juggling.jp/jjf/jjf2006/,"以後の東京開催の基準会場"
JJF-2007,JJF,2007,held,日本,静岡県,静岡市,"清水テルサ;静岡市北部体育館;しずぎんホール ユーフォニア",verified,https://www.juggling.jp/jjf/jjf2007/,"3施設型"
JJF-2008,JJF,2008,held,日本,兵庫県,神戸市,"グリーンアリーナ神戸;神戸市立北区文化センター すずらんホール;メリケンパーク",verified,https://www.juggling.jp/jjf/jjf2008/,"屋外練習を含む"
JJF-2009,JJF,2009,held,日本,千葉県,千葉市,"千葉ポートアリーナ;青葉の森公園芸術文化ホール",verified,https://www.juggling.jp/jjf/jjf2009/,"体育空間と舞台空間の組合せ"
JJF-2010,JJF,2010,held,日本,山口県,山口市,"維新百年記念公園アリーナ;山口市民会館",verified,https://www.juggling.jp/jjf/jjf2010/,"体育空間と舞台空間の組合せ"
JJF-2011,JJF,2011,held,日本,東京都,渋谷区,"国立オリンピック記念青少年総合センター",verified,https://www.juggling.jp/jjf/jjf2011/,""
JJF-2012,JJF,2012,held,日本,東京都,渋谷区,"国立オリンピック記念青少年総合センター",verified,https://www.juggling.jp/jjf/jjf2012/,""
JJF-2013,JJF,2013,held,日本,静岡県,三島市,"三島市民体育館;三島市民文化会館 大ホール",verified,https://www.juggling.jp/jjf/jjf2013/,"ゲストステージ客席950の公式記載"
JJF-2014,JJF,2014,held,日本,東京都,渋谷区,"国立オリンピック記念青少年総合センター",verified,https://www.juggling.jp/jjf/jjf2014/,""
JJF-2015,JJF,2015,held,日本,福島県,郡山市,"ビッグパレットふくしま;けんしん郡山文化センター 中ホール",verified,https://www.juggling.jp/jjf/jjf2015/,"現愛称を併記"
JJF-2016,JJF,2016,held,日本,東京都,渋谷区,"国立オリンピック記念青少年総合センター",verified,https://www.juggling.jp/jjf/2016/jp/,""
JJF-2017,JJF,2017,held,日本,福岡県,福岡市,"福岡国際会議場",verified,https://www.juggling.jp/jjf/2017/jp/,"公式報告で参加者561"
JJF-2018,JJF,2018,held,日本,東京都,渋谷区,"国立オリンピック記念青少年総合センター",verified,https://www.juggling.jp/jjf/2018/jp/,""
JJF-2019,JJF,2019,held,日本,東京都,渋谷区,"国立オリンピック記念青少年総合センター",verified,https://www.juggling.jp/jjf/2019/jp/,""
JJF-2020,JJF,2020,hybrid_decentralized,日本,複数,全国8地域,"オンライン;札幌市 篠路コミュニティセンター;仙台市 西山コミュニティセンター;仙台市 川内コミュニティセンター;国立オリンピック記念青少年総合センター スポーツ棟 B1F 第4体育室;墨田区みどりコミュニティセンター 4・5階 多目的ホール;半田市 青山記念武道館 大道場;福井県産業会館 第一展示場;大阪市 大正区民ホール;春日市立 春日原小学校 体育館;春日市立 春日野小学校 体育館;中城村民体育館",verified,https://www.juggling.jp/jjf/2020/jp/,"オンライン＋全国8地域11施設の分散開催。チャンピオンシップは中止"
JJF-2021,JJF,2021,partially_cancelled,日本,東京都,渋谷区,"国立オリンピック記念青少年総合センター",verified,https://www.juggling.jp/jjf/2021/jp/,"チャンピオンシップ・ゲストステージ中止"
JJF-2022,JJF,2022,held,日本,東京都,渋谷区,"国立オリンピック記念青少年総合センター",verified,https://www.juggling.jp/jjf/2022/jp/,"公式チェックリストに上限650・来場約600/日の記載"
JJF-2023,JJF,2023,held,日本,東京都,渋谷区,"国立オリンピック記念青少年総合センター",verified,https://www.juggling.jp/jjf/2023/jp/,""
JJF-2024,JJF,2024,held,日本,兵庫県,姫路市,"アクリエひめじ",verified,https://www.juggling.jp/jjf/2024/jp/,"複合コンベンション施設型"
JJF-2025,JJF,2025,held,日本,長野県,松本市,"エア・ウォーターアリーナ松本;キッセイ文化ホール",verified,https://www.juggling.jp/jjf/2025/jp/,"体育空間と舞台空間の組合せ"
JJF-2026,JJF,2026,planned,日本,東京都,渋谷区,"国立オリンピック記念青少年総合センター",verified,https://www.juggling.jp/jjf/2026/jp/,"2026-10-10〜12開催予定"
JN-1999,JYYF_NATIONAL,1999,held,日本,愛知県,岡崎市,"愛知青年の家",verified,https://jyyf.org/2018jn/champions_utyj/,"前身UTYJ主催・UTYJ Yo-Yo Competition Vol.01"
JN-2000,JYYF_NATIONAL,2000,held,日本,愛知県,岡崎市,"愛知県青年の家",verified,https://jyyf.org/2018jn/champions_utyj/,"前身UTYJ主催・UTYJ Yo-Yo Competition Vol.02"
JN-2001,JYYF_NATIONAL,2001,held,日本,愛知県,岡崎市,"愛知県青年の家",verified,https://jyyf.org/2018jn/champions_utyj/,"前身UTYJ主催・UTYJ Yo-Yo Competition Vol.03 National"
JN-2002,JYYF_NATIONAL,2002,held,日本,愛知県,岡崎市,"愛知県青年の家",verified,https://jyyf.org/2018jn/champions_utyj/,"前身UTYJ主催・UTYJ Yo-Yo Competition Vol.04 National"
JN-2003,JYYF_NATIONAL,2003,held,日本,愛知県,岡崎市,"愛知県青年の家",verified,https://jyyf.org/2018jn/champions_jycc/,"前身JYCC主催・2003ジャパンナショナルヨーヨーコンテスト"
JN-2004,JYYF_NATIONAL,2004,held,日本,東京都,北区,"郷小学校 体育館",verified,https://jyyf.org/2018jn/champions_jycc/,"前身JYCC主催・2004ジャパンナショナルヨーヨーコンテスト"
JN-2005,JYYF_NATIONAL,2005,held,日本,愛知県,岡崎市,"愛知県青年の家",verified,https://jyyf.org/2018jn/champions_jycc/,"前身JYCC主催・2005ジャパンナショナルヨーヨーコンテスト"
JN-2006,JYYF_NATIONAL,2006,held,日本,神奈川県,横浜市,"横浜市教育会館",verified,https://jyyf.org/2018jn/champions_jycc/,"前身JYCC主催・2006ジャパンナショナルヨーヨーコンテスト"
JN-2007,JYYF_NATIONAL,2007,held,日本,神奈川県,横浜市,"横浜市教育会館",verified,https://www.jyyf.org/contest/2007/jn.php,""
JN-2008,JYYF_NATIONAL,2008,held,日本,大阪府,大阪市,"大阪市立北区民センター",verified,https://www.jyyf.org/contest/2008/jn.php,""
JN-2009,JYYF_NATIONAL,2009,held,日本,大阪府,大阪市,"大阪市立北区民センター",verified,https://www.jyyf.org/contest/2009/jn.php,""
JN-2010,JYYF_NATIONAL,2010,held,日本,神奈川県,横浜市,"横浜市教育会館",verified,https://www.jyyf.org/2010jn/,""
JN-2011,JYYF_NATIONAL,2011,held,日本,大阪府,大阪市,"大阪市立北区民センター",verified,https://www.jyyf.org/2011jn/,""
JN-2012,JYYF_NATIONAL,2012,held,日本,千葉県,市川市,"行徳文化ホールI&I",verified,https://www.jyyf.org/2012jn/,"公式案内の想定来場者600〜800、競技者100〜200"
JN-2013,JYYF_NATIONAL,2013,held,日本,愛知県,名古屋市,"ウインクあいち 大ホール",verified,https://www.jyyf.org/2013jl/,"全国大会欄を出典とする"
JN-2014,JYYF_NATIONAL,2014,held,日本,東京都,千代田区,"ベルサール秋葉原",verified,https://www.jyyf.org/2014jn/,""
JN-2015,JYYF_NATIONAL,2015,held,日本,東京都,千代田区,"ベルサール秋葉原",verified,https://www.jyyf.org/2015jn/,""
JN-2016,JYYF_NATIONAL,2016,held,日本,大阪府,大阪市,"大阪市立北区民センター",verified,https://www.jyyf.org/2016jn/,""
JN-2017,JYYF_NATIONAL,2017,held,日本,東京都,渋谷区,"渋谷区文化総合センター大和田 さくらホール",verified,https://www.jyyf.org/2017jn/,""
JN-2018,JYYF_NATIONAL,2018,held,日本,神奈川県,横浜市,"横浜市教育会館",verified,https://www.jyyf.org/2018jn/,""
JN-2019,JYYF_NATIONAL,2019,held,日本,神奈川県,横浜市,"横浜市教育会館",verified,https://www.jyyf.org/2019jn/,""
JN-2020,JYYF_NATIONAL,2020,held,日本,愛知県,岩倉市,"岩倉市総合体育文化センター",verified,https://www.jyyf.org/2020jn/,""
JN-2021,JYYF_NATIONAL,2021,held,日本,神奈川県,横浜市,"横浜市教育会館",verified,https://www.jyyf.org/2021jn/,""
JN-2022,JYYF_NATIONAL,2022,held,日本,神奈川県,横浜市,"横浜市教育会館",verified,https://www.jyyf.org/2022jn/,""
JN-2023,JYYF_NATIONAL,2023,held,日本,神奈川県,横浜市,"横浜市教育会館",verified,https://www.jyyf.org/news/4665,"公式開催日程告知"
JN-2024,JYYF_NATIONAL,2024,held,日本,神奈川県,横浜市,"横浜市教育会館",verified,https://jn24.yoyocontest.jp/,""
JN-2025,JYYF_NATIONAL,2025,held,日本,神奈川県,横浜市,"横浜市教育会館 サンライズホール",verified,https://jn25.yoyocontest.jp/,"公式ページではサンライズホールと明記"
JN-2026,JYYF_NATIONAL,2026,held,日本,神奈川県,横浜市,"横浜市教育会館 サンライズホール",verified,https://jn26.yoyocontest.jp/,""
JUNIOR-2018,JYYF_JUNIOR,2018,held,日本,愛知県,岩倉市,"岩倉市総合体育文化センター 多目的ホール",verified,https://jyyf.org/2018jj/,"第1回全日本ジュニア大会"
JUNIOR-2019,JYYF_JUNIOR,2019,held,日本,愛知県,岩倉市,"岩倉市総合体育文化センター 多目的ホール",verified,https://jyyf.org/2019jj/,""
JUNIOR-2020,JYYF_JUNIOR,2020,held,日本,愛知県,岩倉市,"岩倉市総合体育文化センター 多目的ホール",verified,https://jyyf.org/2020jj/,"無観客開催"
JUNIOR-2021,JYYF_JUNIOR,2021,held,日本,愛知県,岩倉市,"岩倉市総合体育文化センター 多目的ホール",verified,https://2021jj.yoyocontest.jp/,"2021-09から延期し、実開催日は2022-03-26"
JUNIOR-2022,JYYF_JUNIOR,2022,held,日本,愛知県,岩倉市,"岩倉市総合体育文化センター 多目的ホール",verified,https://2022jj.yoyocontest.jp/,"実開催日は2022-09-25"
JUNIOR-2023,JYYF_JUNIOR,2023,held,日本,神奈川県,横浜市,"横浜市教育会館",verified,https://2023jj.yoyocontest.jp/,""
JUNIOR-2024,JYYF_JUNIOR,2024,held,日本,神奈川県,横浜市,"横浜市技能文化会館",verified,https://jj24.yoyocontest.jp/,""
JUNIOR-2025,JYYF_JUNIOR,2025,held,日本,神奈川県,横浜市,"横浜市技能文化会館",verified,https://jj25.yoyocontest.jp/,""
JUNIOR-2026,JYYF_JUNIOR,2026,planned,日本,愛知県,岩倉市,"アデリア総合体育文化センター",verified,https://www.jyyf.org/,"2026-10-18開催予定"
REG-2007-EJ,JYYF_REGIONAL,2007,held,日本,東京都,江東区,"江東区砂町文化センター",verified,https://www.jyyf.org/contest/2007/index.php,"東日本。大会年度は2007、実開催日は2006-12-23"
REG-2007-CJ,JYYF_REGIONAL,2007,held,日本,愛知県,岡崎市,"愛知県青年の家",verified,https://www.jyyf.org/contest/2007/index.php,"中部"
REG-2007-WJ,JYYF_REGIONAL,2007,held,日本,大阪府,高石市,"羽衣青少年センター",verified,https://www.jyyf.org/contest/2007/index.php,"西日本"
REG-2007-NJ,JYYF_REGIONAL,2007,held,日本,北海道,札幌市,"東区民センター 大ホール",verified,https://www.jyyf.org/contest/2007/index.php,"北海道"
REG-2007-SJ,JYYF_REGIONAL,2007,held,日本,鹿児島県,霧島市,"隼人国分サティ 2階サティホール",verified,https://www.jyyf.org/contest/2007/index.php,"九州"
REG-2008-EJ,JYYF_REGIONAL,2008,held,日本,東京都,江東区,"カメリアホール（カメリアプラザ・江東区亀戸文化センター）",verified,https://www.jyyf.org/contest/2008/index.php,"東日本"
REG-2008-CJ,JYYF_REGIONAL,2008,held,日本,愛知県,岡崎市,"愛知県青年の家",verified,https://www.jyyf.org/contest/2008/index.php,"中部"
REG-2008-WJ,JYYF_REGIONAL,2008,held,日本,大阪府,高石市,"羽衣青少年センター",verified,https://www.jyyf.org/contest/2008/index.php,"西日本"
REG-2008-NJ,JYYF_REGIONAL,2008,held,日本,北海道,札幌市,"札幌市北区民センター 大ホール",verified,https://www.jyyf.org/contest/2008/index.php,"北海道"
REG-2008-SJ,JYYF_REGIONAL,2008,held,日本,福岡県,北九州市,"井筒屋小倉店 新館9階パステルホール",verified,https://www.jyyf.org/contest/2008/index.php,"九州"
REG-2009-EJ,JYYF_REGIONAL,2009,held,日本,東京都,江東区,"江東区砂町文化センター",verified,https://www.jyyf.org/contest/2009/,"東日本"
REG-2009-CJ,JYYF_REGIONAL,2009,held,日本,愛知県,岡崎市,"愛知県岡崎青年の家",verified,https://www.jyyf.org/contest/2009/,"中部"
REG-2009-NJ,JYYF_REGIONAL,2009,held,日本,北海道,札幌市,"札幌市北区民センター 区民ホール",verified,https://www.jyyf.org/contest/2009/nj.php,"北海道"
REG-2009-WJ,JYYF_REGIONAL,2009,held,日本,大阪府,高石市,"大阪府羽衣青少年センター",verified,https://www.jyyf.org/contest/2009/,"西日本"
REG-2009-SJ,JYYF_REGIONAL,2009,held,日本,福岡県,北九州市,"イオン八幡東ショッピングセンター 1階ひまわりの広場",verified,https://www.jyyf.org/contest/2009/,"九州"
REG-2010-CJ,JYYF_REGIONAL,2010,held,日本,愛知県,岡崎市,"愛知県青年の家",verified,https://www.jyyf.org/contest/2010/,"中部"
REG-2010-EJ,JYYF_REGIONAL,2010,held,日本,東京都,江東区,"江東区砂町文化センター",verified,https://www.jyyf.org/contest/2010/,"東日本"
REG-2010-NJ,JYYF_REGIONAL,2010,held,日本,北海道,札幌市,"札幌市北区民センター 区民ホール",verified,https://www.jyyf.org/contest/2010/,"北海道"
REG-2010-WJ,JYYF_REGIONAL,2010,held,日本,大阪府,大阪市,"大阪市立北区民センター",verified,https://www.jyyf.org/contest/2010/,"西日本"
REG-2010-SJ,JYYF_REGIONAL,2010,held,日本,福岡県,糟屋郡,"サンレイクかすや 多目的ホール",verified,https://www.jyyf.org/contest/2010/,"九州"
REG-2011-EJ,JYYF_REGIONAL,2011,held,日本,東京都,江東区,"江東区砂町文化センター",verified,https://www.jyyf.org/2011jl/,"東日本。大会年度は2011、実開催日は2010-12-26"
REG-2011-CJ,JYYF_REGIONAL,2011,held,日本,愛知県,岩倉市,"岩倉市総合体育文化センター 多目的ホール",verified,https://www.jyyf.org/2011jl/,"中部"
REG-2011-WJ,JYYF_REGIONAL,2011,held,日本,大阪府,高石市,"大阪府立羽衣青少年センター 体育館",verified,https://www.jyyf.org/2011jl/,"西日本"
REG-2011-SJ,JYYF_REGIONAL,2011,held,日本,福岡県,糟屋郡粕屋町,"サンレイクかすや 多目的ホール",verified,https://www.jyyf.org/2011jl/,"九州"
REG-2011-NJ,JYYF_REGIONAL,2011,held,日本,北海道,札幌市,"札幌市東区民センター 大ホール",verified,https://www.jyyf.org/2011jl/,"北海道"
REG-2012-EJA,JYYF_REGIONAL,2012,held,日本,東京都,江東区,"江東区砂町文化センター",verified,https://www.jyyf.org/2012jl/,"東日本A。大会年度は2012、実開催日は2011-12-04"
REG-2012-CJ,JYYF_REGIONAL,2012,held,日本,愛知県,岩倉市,"岩倉市総合体育文化センター 多目的ホール",verified,https://www.jyyf.org/2012jl/,"中部"
REG-2012-EJB,JYYF_REGIONAL,2012,held,日本,千葉県,市川市,"行徳文化ホールI&I",verified,https://www.jyyf.org/2012jl/,"東日本B"
REG-2012-NJ,JYYF_REGIONAL,2012,held,日本,北海道,札幌市,"札幌市北区民センター 3階区民ホール",verified,https://www.jyyf.org/2012jl/,"北海道"
REG-2012-SJ,JYYF_REGIONAL,2012,held,日本,福岡県,糟屋郡粕屋町,"サンレイクかすや 多目的ホール",verified,https://www.jyyf.org/2012jl/,"九州"
REG-2012-WJ,JYYF_REGIONAL,2012,held,日本,大阪府,大阪市,"大阪市立北区民センター",verified,https://www.jyyf.org/2012jl/,"西日本"
REG-2013-EJA,JYYF_REGIONAL,2013,held,日本,東京都,江東区,"江東区砂町文化センター",verified,https://www.jyyf.org/2013jl/,"東日本A"
REG-2013-NJ,JYYF_REGIONAL,2013,held,日本,北海道,札幌市,"札幌市北区民センター",verified,https://www.jyyf.org/2013jl/,"北海道"
REG-2013-CJ,JYYF_REGIONAL,2013,held,日本,愛知県,岩倉市,"岩倉市総合体育文化センター 多目的ホール",verified,https://www.jyyf.org/2013jl/,"中部"
REG-2013-SJ,JYYF_REGIONAL,2013,held,日本,長崎県,長崎市,"メルカつきまち",verified,https://www.jyyf.org/2013jl/,"九州"
REG-2013-EJB,JYYF_REGIONAL,2013,held,日本,神奈川県,川崎市,"川崎市総合福祉センター エポックなかはら",verified,https://www.jyyf.org/2013jl/,"東日本B"
REG-2013-WJ,JYYF_REGIONAL,2013,held,日本,大阪府,大阪市,"大阪市立北区民センター",verified,https://www.jyyf.org/2013jl/,"西日本"
REG-2014-EJA,JYYF_REGIONAL,2014,held,日本,千葉県,松戸市,"松戸市民会館",verified,https://www.jyyf.org/2014jl/,"東日本A"
REG-2014-WJ,JYYF_REGIONAL,2014,held,日本,大阪府,大阪市,"大阪市立北区民センター",verified,https://www.jyyf.org/2014jl/,"西日本"
REG-2014-SJ,JYYF_REGIONAL,2014,held,日本,福岡県,糟屋郡粕屋町,"サンレイクかすや",verified,https://www.jyyf.org/2014jl/,"九州"
REG-2014-NJ,JYYF_REGIONAL,2014,held,日本,北海道,札幌市,"札幌市北区民センター 3階区民ホール",verified,https://www.jyyf.org/2014jl/,"北海道"
REG-2014-CJ,JYYF_REGIONAL,2014,held,日本,愛知県,岩倉市,"岩倉市総合体育文化センター 多目的ホール",verified,https://www.jyyf.org/2014jl/,"中部"
REG-2014-EJB,JYYF_REGIONAL,2014,held,日本,神奈川県,川崎市,"エポックなかはら",verified,https://www.jyyf.org/2014jl/,"東日本B"
REG-2015-EJA,JYYF_REGIONAL,2015,held,日本,千葉県,松戸市,"松戸市民会館",verified,https://jyyf.org/2015jl/,"東日本A"
REG-2015-WJ,JYYF_REGIONAL,2015,held,日本,岡山県,岡山市,"岡山ふれあいセンター 大ホール",verified,https://jyyf.org/2015jl/,"西日本"
REG-2015-SJ,JYYF_REGIONAL,2015,held,日本,熊本県,熊本市,"市民会館崇城大学ホール（熊本市民会館） 大会議室",verified,https://jyyf.org/2015jl/,"九州"
REG-2015-CJ,JYYF_REGIONAL,2015,held,日本,静岡県,浜松市,"なゆた浜北ホール",verified,https://jyyf.org/2015jl/,"中部"
REG-2015-EJB,JYYF_REGIONAL,2015,held,日本,宮城県,仙台市,"日立システムズホール仙台",verified,https://jyyf.org/2015jl/,"東日本B"
REG-2015-NJ,JYYF_REGIONAL,2015,held,日本,北海道,千歳市,"千歳アウトレットモール・レラ（レラアトリウム）",verified,https://jyyf.org/2015jl/,"北海道"
REG-2016-EJA,JYYF_REGIONAL,2016,held,日本,東京都,江東区,"江東区砂町文化センター",verified,https://www.jyyf.org/2016jl/,"関東"
REG-2016-CJ,JYYF_REGIONAL,2016,held,日本,愛知県,岩倉市,"岩倉市総合体育文化センター 多目的ホール",verified,https://www.jyyf.org/2016jl/,"中部"
REG-2016-EJB,JYYF_REGIONAL,2016,held,日本,宮城県,仙台市,"日立システムズホール仙台",verified,https://www.jyyf.org/2016jl/,"東北"
REG-2016-SJ,JYYF_REGIONAL,2016,held,日本,福岡県,福岡市,"福岡市立中央市民センター",verified,https://www.jyyf.org/2016jl/,"九州"
REG-2016-NJ,JYYF_REGIONAL,2016,held,日本,北海道,千歳市,"千歳アウトレットモール・レラ レラアトリウム",verified,https://www.jyyf.org/2016jl/,"北海道"
REG-2016-WJ,JYYF_REGIONAL,2016,held,日本,大阪府,大阪市,"大阪市立北区民センター",verified,https://www.jyyf.org/2016jl/,"西日本"
REG-2017-EJA,JYYF_REGIONAL,2017,held,日本,東京都,江東区,"江東区砂町文化センター",verified,https://jyyf.org/2017jl/,"関東"
REG-2017-CJ,JYYF_REGIONAL,2017,held,日本,愛知県,岩倉市,"岩倉市総合体育文化センター 多目的ホール",verified,https://jyyf.org/2017jl/,"中部"
REG-2017-EJB,JYYF_REGIONAL,2017,held,日本,宮城県,名取市,"イオンモール名取 イオンホール",verified,https://jyyf.org/2017jl/,"東北"
REG-2017-WJ,JYYF_REGIONAL,2017,held,日本,大阪府,大阪市,"大阪市立北区民センター",verified,https://jyyf.org/2017jl/,"西日本"
REG-2017-SJ,JYYF_REGIONAL,2017,held,日本,沖縄県,那覇市,"てんぶす那覇 テンブスホール",verified,https://jyyf.org/2017jl/,"九州沖縄"
REG-2017-NJ,JYYF_REGIONAL,2017,held,日本,北海道,千歳市,"千歳アウトレットモール・レラ（レラアトリウム）",verified,https://jyyf.org/2017jl/,"北海道"
REG-2018-WJ,JYYF_REGIONAL,2018,held,日本,大阪府,大阪市,"大阪市立北区民センター",verified,https://www.jyyf.org/2018jl/,"西日本"
REG-2018-CJ,JYYF_REGIONAL,2018,held,日本,愛知県,岩倉市,"岩倉市総合体育文化センター 多目的ホール",verified,https://www.jyyf.org/2018jl/,"中部"
REG-2018-NJ,JYYF_REGIONAL,2018,held,日本,北海道,千歳市,"千歳アウトレットモール・レラ レラアトリウム",verified,https://www.jyyf.org/2018jl/,"北海道"
REG-2018-SJ,JYYF_REGIONAL,2018,held,日本,福岡県,糟屋郡粕屋町,"サンレイクかすや 多目的ホール",verified,https://www.jyyf.org/2018jl/,"九州"
REG-2018-EJ,JYYF_REGIONAL,2018,held,日本,東京都,江東区,"江東区砂町文化センター",verified,https://www.jyyf.org/2018jl/,"関東"
REG-2019-WJ,JYYF_REGIONAL,2019,held,日本,大阪府,大阪市,"大阪市立北区民センター",verified,https://www.jyyf.org/2019jl/,"西日本"
REG-2019-SJ,JYYF_REGIONAL,2019,held,日本,福岡県,糟屋郡粕屋町,"サンレイクかすや 多目的ホール",verified,https://www.jyyf.org/2019jl/,"九州"
REG-2019-CJ,JYYF_REGIONAL,2019,held,日本,愛知県,岩倉市,"岩倉市総合体育文化センター 多目的ホール",verified,https://www.jyyf.org/2019jl/,"中部"
REG-2019-EJ,JYYF_REGIONAL,2019,held,日本,東京都,江東区,"江東区砂町文化センター",verified,https://www.jyyf.org/2019jl/,"関東"
REG-2019-NJ,JYYF_REGIONAL,2019,held,日本,北海道,千歳市,"千歳アウトレットモール・レラ レラアトリウム",verified,https://www.jyyf.org/2019jl/,"北海道"
REG-2020-WJ,JYYF_REGIONAL,2020,held,日本,大阪府,大阪市,"大阪市立北区民センター",verified,https://www.jyyf.org/2020jl/,"西日本"
REG-2020-CJ,JYYF_REGIONAL,2020,held,日本,愛知県,岩倉市,"岩倉市総合体育文化センター 多目的ホール",verified,https://www.jyyf.org/2020jl/,"中部"
REG-2020-SJ,JYYF_REGIONAL,2020,held,日本,福岡県,糟屋郡粕屋町,"サンレイクかすや 多目的ホール",verified,https://www.jyyf.org/2020jl/,"九州。無観客開催"
REG-2020-EJ,JYYF_REGIONAL,2020,held,日本,東京都,江東区,"江東区砂町文化センター",verified,https://www.jyyf.org/2020jl/,"関東。無観客開催"
REG-2020-NJ,JYYF_REGIONAL,2020,held,日本,北海道,札幌市,"札幌市東区民センター 大ホール",verified,https://www.jyyf.org/2020jl/,"北海道。延期・会場変更後の実開催会場"
REG-2021-NJ,JYYF_REGIONAL,2021,held,日本,北海道,札幌市,"札幌市東区民センター",verified,https://www.jyyf.org/news/3598,"北海道。無観客開催・映像による後日審査"
REG-2021-CJ,JYYF_REGIONAL,2021,held,日本,愛知県,岩倉市,"岩倉市総合体育文化センター",verified,https://www.jyyf.org/news/3598,"中部。入場制限付き開催"
REG-2021-SJ,JYYF_REGIONAL,2021,held,日本,福岡県,糟屋郡粕屋町,"サンレイクかすや",verified,https://www.jyyf.org/news/3598,"九州。無観客開催・映像による後日審査"
REG-2021-WJ,JYYF_REGIONAL,2021,held,日本,大阪府,松原市,"ゆめニティプラザ",verified,https://www.jyyf.org/news/3598,"西日本。複数回延期後の実開催日は2021-07-18"
REG-2021-EJ,JYYF_REGIONAL,2021,held,日本,神奈川県,横浜市,"横浜市教育会館",verified,https://www.jyyf.org/news/3598,"関東。複数回延期後の実開催日は2021-08-08、無観客開催"
REG-2022-WJ,JYYF_REGIONAL,2022,held,日本,大阪府,大阪市,"大阪市北区民センター",verified,https://www.jyyf.org/news/4255,"西日本"
REG-2022-CJ,JYYF_REGIONAL,2022,held,日本,愛知県,岩倉市,"岩倉市総合体育文化センター",verified,https://www.jyyf.org/news/4255,"中部"
REG-2022-SJ,JYYF_REGIONAL,2022,held,日本,福岡県,糟屋郡粕屋町,"サンレイクかすや",verified,https://www.jyyf.org/news/4255,"九州"
REG-2022-EJ,JYYF_REGIONAL,2022,held,日本,神奈川県,横浜市,"横浜市教育会館",verified,https://www.jyyf.org/news/4255,"関東。延期後の実開催日は2022-04-10"
REG-2022-NJ,JYYF_REGIONAL,2022,held,日本,北海道,千歳市,"千歳アウトレットモール・レラ",verified,https://www.jyyf.org/,"北海道。実開催日は2022-04-30"
REG-2023-WJ,JYYF_REGIONAL,2023,held,日本,大阪府,大阪市,"大阪市立北区民センター",verified,https://www.jyyf.org/,"公式トップの終了大会一覧"
REG-2023-CJ,JYYF_REGIONAL,2023,held,日本,愛知県,岩倉市,"アデリア総合体育文化センター",verified,https://www.jyyf.org/,"公式トップの終了大会一覧"
REG-2023-SJ,JYYF_REGIONAL,2023,held,日本,福岡県,糟屋郡粕屋町,"サンレイクかすや",verified,https://www.jyyf.org/,"公式トップの終了大会一覧"
REG-2023-EJ,JYYF_REGIONAL,2023,held,日本,神奈川県,横浜市,"横浜市教育会館",verified,https://www.jyyf.org/,"公式トップの終了大会一覧"
REG-2023-NJ,JYYF_REGIONAL,2023,held,日本,北海道,札幌市,"札幌市東区民センター",verified,https://www.jyyf.org/,"公式トップの終了大会一覧"
REG-2024-WJ,JYYF_REGIONAL,2024,held,日本,大阪府,大阪市,"大阪市立北区民センター",verified,https://jl24.yoyocontest.jp/,""
REG-2024-CJ,JYYF_REGIONAL,2024,held,日本,愛知県,岩倉市,"アデリア総合体育文化センター",verified,https://jl24.yoyocontest.jp/,""
REG-2024-EJ,JYYF_REGIONAL,2024,held,日本,神奈川県,横浜市,"横浜市教育会館",verified,https://jl24.yoyocontest.jp/,""
REG-2024-NJ,JYYF_REGIONAL,2024,held,日本,北海道,札幌市,"札幌市東区民センター",verified,https://jl24.yoyocontest.jp/,""
REG-2024-SJ,JYYF_REGIONAL,2024,held,日本,福岡県,糟屋郡粕屋町,"サンレイクかすや",verified,https://jl24.yoyocontest.jp/,""
REG-2025-WJ,JYYF_REGIONAL,2025,held,日本,大阪府,大阪市,"大阪市立北区民センター",verified,https://www.jyyf.org/,"西日本"
REG-2025-CJ,JYYF_REGIONAL,2025,held,日本,愛知県,岩倉市,"アデリア総合体育文化センター",verified,https://www.jyyf.org/,"中部"
REG-2025-EJ1,JYYF_REGIONAL,2025,held,日本,東京都,東久留米市,"成美教育文化会館",verified,https://www.jyyf.org/,"関東1"
REG-2025-EJ2,JYYF_REGIONAL,2025,held,日本,神奈川県,横浜市,"横浜市技能文化会館",verified,https://www.jyyf.org/,"関東2"
REG-2025-SJ,JYYF_REGIONAL,2025,held,日本,愛媛県,松山市,"愛媛県県民文化会館 別館",verified,https://www.jyyf.org/,"中四国"
REG-2026-EJ1,JYYF_REGIONAL,2026,held,日本,東京都,東久留米市,"成美教育文化会館",verified,https://www.jyyf.org/,"関東1"
REG-2026-WJ,JYYF_REGIONAL,2026,held,日本,大阪府,大阪市,"大阪市立北区民センター",verified,https://www.jyyf.org/,"西日本"
REG-2026-EJ2,JYYF_REGIONAL,2026,held,日本,神奈川県,横浜市,"横浜市技能文化会館",verified,https://www.jyyf.org/,"関東2"
REG-2026-CJ,JYYF_REGIONAL,2026,held,日本,愛知県,岩倉市,"アデリア総合体育文化センター",verified,https://www.jyyf.org/,"中部"
REG-2026-SJ,JYYF_REGIONAL,2026,held,日本,愛媛県,松山市,"愛媛県県民文化会館 別館",verified,https://www.jyyf.org/,"中四国"
WYYC-1999,WYYC,1999,held,アメリカ,ハワイ州,ホノルル,"",needs_check,https://iyyf.org/world-yo-yo-contest/,"IYYF公式アーカイブで開催都市とHPK/Bandai運営を確認。正確な施設名は未確認"
WYYC-2000,WYYC,2000,held,アメリカ,フロリダ州,オーランド,"ユニバーサル・スタジオ・フロリダ内 ニコロデオン・スタジオ",verified,https://www.worldyoyocontest.com/2000worlds/release.html,"公式プレスリリースで確認"
WYYC-2001,WYYC,2001,held,アメリカ,フロリダ州,オーランド,"ローゼン・プラザ・ホテル",verified,https://www.worldyoyocontest.com/2001worlds/,"公式年次サイトと翌年案内のsame hotel表記で確認"
WYYC-2002,WYYC,2002,held,アメリカ,フロリダ州,オーランド,"ローゼン・プラザ・ホテル",verified,https://www.worldyoyocontest.com/2002worlds/,"公式年次サイトで確認"
WYYC-2003,WYYC,2003,held,アメリカ,フロリダ州,オーランド,"ローゼン・プラザ・ホテル",verified,https://www.worldyoyocontest.com/2003worlds/,"公式年次サイトで確認"
WYYC-2004,WYYC,2004,held,アメリカ,フロリダ州,オーランド,"ローゼン・プラザ・ホテル",verified,https://www.worldyoyocontest.com/2004worlds/,"公式年次サイトで確認"
WYYC-2005,WYYC,2005,held,アメリカ,フロリダ州,オーランド,"ローゼン・プラザ・ホテル",verified,https://www.worldyoyocontest.com/2005worlds/,"公式年次サイト・公式告知PDFで確認"
WYYC-2006,WYYC,2006,held,アメリカ,フロリダ州,オーランド,"ローゼン・プラザ・ホテル",verified,https://www.worldyoyocontest.com/2006worlds/,"公式年次サイト・公式プログラムで確認"
WYYC-2007,WYYC,2007,held,アメリカ,フロリダ州,オーランド,"ローゼン・プラザ・ホテル",verified,https://www.worldyoyocontest.com/2007worlds/,"公式年次サイト・公式プログラムで確認"
WYYC-2008,WYYC,2008,held,アメリカ,フロリダ州,オーランド,"ローゼン・プラザ・ホテル",verified,https://www.worldyoyocontest.com/2008worlds/,"公式年次サイトで確認"
WYYC-2009,WYYC,2009,held,アメリカ,フロリダ州,オーランド,"ローゼン・プラザ・ホテル",verified,https://www.worldyoyocontest.com/2009worlds/,"公式年次サイトで確認"
WYYC-2010,WYYC,2010,held,アメリカ,フロリダ州,オーランド,"ローゼン・プラザ・ホテル",verified,https://www.worldyoyocontest.com/2010worlds/,"公式年次サイトで確認"
WYYC-2011,WYYC,2011,held,アメリカ,フロリダ州,オーランド,"ローゼン・プラザ・ホテル",verified,https://www.worldyoyocontest.com/2011worlds/,"公式年次サイトで確認"
WYYC-2012,WYYC,2012,held,アメリカ,フロリダ州,オーランド,"ローゼン・プラザ・ホテル",verified,https://www.worldyoyocontest.com/2012worlds/,"公式年次サイトで確認"
WYYC-2013,WYYC,2013,held,アメリカ,フロリダ州,オーランド,"ローゼン・プラザ・ホテル",verified,https://www.worldyoyocontest.com/2013worlds/,"公式年次サイトで確認"
WYYC-2014,WYYC,2014,held,チェコ,,プラハ,"Archa Theatre",verified,https://web.archive.org/web/20140801000000/http://www.worldyoyocontest.com/2014worlds/about/venue/,"公式大会サイト保存版で会場名・所在地を確認"
WYYC-2015,WYYC,2015,held,日本,東京都,千代田区,"ベルサール秋葉原",verified,https://www.jyyf.org/news/294,""
WYYC-2016,WYYC,2016,held,アメリカ,オハイオ州,クリーブランド,"Renaissance Cleveland Hotel Grand Ballroom",verified,https://web.archive.org/web/20160726154509/http://worlds16.com/hotel/,"公式大会サイト保存版でホテルが公式会場、競技は22000平方フィート超のGrand Ballroomと確認"
WYYC-2017,WYYC,2017,held,アイスランド,,レイキャビク,"Harpa",verified,https://web.archive.org/web/20170801163255/http://www.iceland2017.com/,"公式大会サイト保存版でVenue Harpaと確認"
WYYC-2018,WYYC,2018,held,中国,上海市,上海,"ハイアット リージェンシー上海五角場",verified,https://www.jyyf.org/news/2196,"公式報告で528エントリー・27か国"
WYYC-2019,WYYC,2019,held,アメリカ,オハイオ州,クリーブランド,"ルネッサンス・クリーブランド・ホテル",verified,https://iyyf.org/detailed-results-and-photo-report-for-wyyc2018/,""
WYYC-2020,WYYC,2020,cancelled,,,,,"verified",https://iyyf.org/world-yo-yo-contest/,"中止"
WYYC-2021,WYYC,2021,cancelled,,,,,"verified",https://iyyf.org/world-yo-yo-contest/,"公式世界大会は中止。オンライン企画と区別"
WYYC-2022,WYYC,2022,cancelled,,,,,"verified",https://iyyf.org/world-yo-yo-contest/,"公式世界大会は中止。オンライン企画と区別"
WYYC-2023,WYYC,2023,held,日本,大阪府,大阪市,"大阪国際交流センター",verified,https://wyyc2023.com/,"公式英語表記はOsaka Conference Center"
WYYC-2024,WYYC,2024,held,アメリカ,オハイオ州,クリーブランド,"ホテル・クリーブランド",verified,https://www.jyyf.org/,"公式トップの終了大会一覧"
WYYC-2025,WYYC,2025,held,チェコ,,プラハ,"Centrum Cubex Prague",verified,https://wyyc2025.com/venue/,""
WYYC-2026,WYYC,2026,planned,日本,兵庫県,姫路市,"アクリエひめじ",verified,https://worldyoyocontest.org/,"2026-07-29時点では8月開催予定"
AJDC-2013,DIABOLO_AJDC,2013,held,日本,東京都,江東区,"BumB 東京スポーツ文化館",verified,https://diabolo.jp/AJDC/wp-content/uploads/2018/01/AJ2013_Outline.pdf,"公式大会概要で日程と会場を確認"
AJDC-2014,DIABOLO_AJDC,2014,held,日本,大阪府,門真市・大阪市,"なみはやドーム サブアリーナ;大阪市中央卸売市場 体育館",verified,https://diabolo.jp/AJDC/wp-content/uploads/2018/01/aj2014outline.pdf,"3月29日と30日で会場が異なる"
AJDC-2015,DIABOLO_AJDC,2015,held,日本,東京都,文京区,"江戸川橋体育館 競技場",verified,https://diabolo.jp/AJDC/wp-content/uploads/2018/01/AJDC2015_outline.pdf,"公式大会概要で確認"
AJDC-2016,DIABOLO_AJDC,2016,held,日本,東京都,文京区,"江戸川橋体育館 競技場;文京スポーツセンター 競技場",verified,https://diabolo.jp/AJDC/wp-content/uploads/2018/01/AJDC2016_outline.pdf,"3月29〜30日と31日で会場が異なる"
AJDC-2017,DIABOLO_AJDC,2017,held,日本,大阪府,大阪市,"大阪市立此花区民ホール;大阪市立西成区民センター",verified,https://diabolo.jp/AJDC/wp-content/uploads/2018/01/AJDC2017_outline.pdf,"3月20日と21〜22日で会場が異なる"
AJDC-2018,DIABOLO_AJDC,2018,held,日本,大阪府,大阪市,"大阪市立西成区民センター ホール",verified,https://diabolo.jp/AJDC/wp-content/uploads/2018/02/AJDC2018_outline.pdf,"公式大会概要で確認"
AJDC-2019,DIABOLO_AJDC,2019,held,日本,東京都,文京区,"文京スポーツセンター 競技場;文京区江戸川橋体育館",verified,https://diabolo.jp/AJDC/wp-content/uploads/2019/01/AJDC2019_outline.pdf,"3月25日と26日で会場が異なる"
AJDC-2021,DIABOLO_AJDC,2021,held,日本,大阪府,大阪市,"大阪市立東成区民センター 大ホール",verified,https://diabolo.jp/AJDC/wp-content/uploads/AJDC2021_about.pdf,"公式大会概要で確認"
AJDC-2022,DIABOLO_AJDC,2022,held,日本,大阪府,大阪市,"大阪市立東成区民センター 大ホール",verified,https://diabolo.jp/AJDC/wp-content/uploads/AJDC2022_about.pdf,"公式大会概要で確認"
AJDC-2023,DIABOLO_AJDC,2023,held,日本,大阪府,大阪市,"大阪市立西成区民センター ホール",verified,https://diabolo.jp/AJDC/wp-content/uploads/AJDC2023_about.pdf,"公式大会概要で確認"
AJDC-2024,DIABOLO_AJDC,2024,held,日本,大阪府,大阪市,"大阪市立西成区民センター ホール",verified,https://diabolo.jp/AJDC/wp-content/uploads/AJDC2024_details.pdf,"公式大会要項で確認"
AJDC-2025,DIABOLO_AJDC,2025,held,日本,大阪府,大阪市,"コミ協ひがしなり区民センター 大ホール",verified,https://diabolo.jp/AJDC/wp-content/uploads/AJDC2025_details.pdf,"公式大会要項で確認"
AJDC-2026,DIABOLO_AJDC,2026,held,日本,大阪府,大阪市,"コミ協ひがしなり区民センター 大ホール",verified,https://diabolo.jp/AJDC/,"2026年3月26〜27日開催"
OIDC-2017,DIABOLO_OIDC,2017,held,日本,大阪府,大阪市,"大阪市立此花区民ホール;大阪市立東成区民センター 大ホール",verified,https://diabolo.jp/OIDC/wp-content/uploads/OIDC2017_outline.pdf,"8月14日と15〜16日で会場が異なる"
OIDC-2018,DIABOLO_OIDC,2018,held,日本,大阪府,大阪市,"大阪市立西成区民センター ホール",verified,https://diabolo.jp/OIDC/wp-content/uploads/2018/06/OIDC2018_outline.pdf,"公式大会概要で確認"
OIDC-2019,DIABOLO_OIDC,2019,held,日本,大阪府,大阪市,"大阪市立東成区民センター 大ホール",verified,https://diabolo.jp/OIDC/wp-content/uploads/2019/06/OIDC2019_outline.pdf,"公式大会概要で確認"
OIDC-2023,DIABOLO_OIDC,2023,held,日本,大阪府,大阪市,"大阪市立東成区民センター 大ホール",verified,https://diabolo.jp/OIDC/wp-content/uploads/OIDC2023_details.pdf,"公式大会要項で確認"
OIDC-2024,DIABOLO_OIDC,2024,held,日本,大阪府,大阪市,"コミ協ひがしなり区民センター 大ホール",verified,https://diabolo.jp/OIDC/wp-content/uploads/OIDC2024_details.pdf,"公式大会要項で確認"
OIDC-2025,DIABOLO_OIDC,2025,held,日本,大阪府,大阪市,"コミ協ひがしなり区民センター 大ホール",verified,https://diabolo.jp/OIDC/wp-content/uploads/OIDC2025_details.pdf,"公式大会要項で確認"
OIDC-2026,DIABOLO_OIDC,2026,planned,日本,大阪府,大阪市,"コミ協ひがしなり区民センター 大ホール",verified,https://diabolo.jp/OIDC/,"2026-07-30時点では8月12〜14日開催予定"
KWC-2015,KENDAMA_KWC,2015,held,日本,広島県,廿日市市,"廿日市市スポーツセンター サンチェリー",verified,https://www.gloken.net/jp/w-cup/201506031225/,"けん玉ワールドカップ2015"
KWC-2022,KENDAMA_KWC,2022,held,日本,広島県,廿日市市,"グローバルリゾート総合スポーツセンター サンチェリー",verified,https://www.gloken.net/jp/blog/202208031131/,"公式結果記事で確認"
KWC-2023,KENDAMA_KWC,2023,held,日本,広島県,廿日市市,"グローバルリゾート総合スポーツセンター サンチェリー",verified,https://www.gloken.net/jp/wp-content/themes/gloken_ja/pdf/KWC2023_gaiyou.pdf,"公式大会概要で確認"
KWC-2024,KENDAMA_KWC,2024,held,日本,広島県,廿日市市,"グローバルリゾート総合スポーツセンター サンチェリー",verified,https://www.gloken.net/jp/blog/202408021508/,"公式結果記事で確認"
KWC-2025,KENDAMA_KWC,2025,held,日本,広島県,廿日市市,"グローバルリゾート総合スポーツセンター サンチェリー",verified,https://www.gloken.net/jp/blog/202511171033/,"公式結果記事で確認"
JKA-YOUTH-2025,KENDAMA_JKA_YOUTH,2025,held,日本,東京都,豊島区,"サンシャインシティ B1 噴水広場 特設会場",verified,https://kendama.or.jp/2025/08/22/%E3%80%8C%E7%AC%AC23%E5%9B%9E%E3%81%91%E3%82%93%E7%8E%89%E3%83%9A%E3%82%A4%E3%83%B3%E3%83%86%E3%82%A3%E3%83%B3%E3%82%B0%E3%82%B3%E3%83%B3%E3%83%86%E3%82%B9%E3%83%88%E8%A1%A8%E5%BD%B0%E5%BC%8F%EF%BD%A5/,"第37回全日本少年少女けん玉道選手権大会"
