detail_id,candidate_id,space_id,space_name,space_type,area_m2,ceiling_height_m,capacity_theater,capacity_fixed,floor_load_kg_m2,divisible,stage_type,sports_or_practice_use,streaming_ready,source_url,observed_at,verification_status,note
DETAIL-001,CAND-018,dejima-convention,コンベンションホール,flat_hall,2700,10,2628,,500,yes,temporary,conditional,yes,https://dejima-messe.jp/facility,2026-07-30,verified,"カーペット張り平土間。4分割可"
DETAIL-002,CAND-018,dejima-exhibition,イベント・展示ホール,exhibition,3800,12,,,5000,yes,temporary,conditional,yes,https://dejima-messe.jp/facility,2026-07-30,verified,"2分割可。床荷重5t/㎡を5000kg/㎡へ換算。全面シアター人数は配置依存のため未入力"
DETAIL-003,CAND-012,kunibiki-large,大展示場,exhibition,4018,10.4,5000,,5000,yes,temporary,conditional,unknown,https://www.kunibikimesse.jp/facilitys/floorguide_u/1,2026-07-30,verified,"3分割運用可。床荷重5t/㎡を5000kg/㎡へ換算"
DETAIL-004,CAND-012,kunibiki-multipurpose,多目的ホール,flat_hall,686,8.4,650,,500,no,temporary,conditional,unknown,https://www.kunibikimesse.jp/facilitys/floorguide_u/2,2026-07-30,verified,"特殊照明・大型スクリーン・音響設備あり"
DETAIL-005,CAND-019,bcon-convention,コンベンションホール,arena,,,,522,,yes,convertible,yes,unknown,https://www.b-conplaza.jp/organizer2/facilitie/convention/,2026-07-30,verified,"アリーナ形式。固定席522はセンターアリーナ形式の公式仕様値"
DETAIL-006,CAND-019,bcon-philharmonia,フィルハーモニアホール,theater,,,1190,1106,,no,convertible,no,unknown,https://www.b-conplaza.jp/organizer2/facilitie/phil/,2026-07-30,verified,"プロセニアム1106席、オープンステージ時970または1190席"
DETAIL-007,CAND-045,asty-multipurpose,多目的ホール,arena,3000,18,5000,1514,,no,convertible,yes,conditional,https://www.asty-tokushima.jp/organizer/facility/hall/,2026-07-30,verified,"水平可動席1216・移動席2270。床耐荷重は通常部5t/㎡・昇降床部0.5t/㎡と混在するため数値欄は未入力。11tトラック乗入可"
DETAIL-008,CAND-046,sunmesse-large,大展示場,exhibition,4015,,4000,,,yes,temporary,conditional,unknown,https://www.sunmesse.com/organizer/price.php,2026-07-30,verified,"A・B・Cの3面構成。2/3または1/3利用可"
DETAIL-009,CAND-046,sunmesse-small,小展示場,exhibition,1022,,800,,,no,temporary,conditional,unknown,https://www.sunmesse.com/organizer/price.php,2026-07-30,verified,"主催者事務室は展示場利用時無料。天井高・床荷重は別資料で要確認"
DETAIL-010,CAND-027,gmesse-exhibition,展示ホール,exhibition,10000,21,10000,,5000,yes,temporary,conditional,yes,https://www.g-messe-gunma.jp/visitor-facilities-exhibitionhall.html,2026-07-30,verified,"無柱。3分割時は各約3330㎡・シアター約2500人。大型車両が直接乗入可能。床荷重5t/㎡を5000kg/㎡へ換算"
DETAIL-011,CAND-027,gmesse-main,メインホール,flat_hall,1330,7,1000,,,yes,temporary,conditional,yes,https://www.g-messe-gunma.jp/visitor-facilities-mainhall.html,2026-07-30,verified,"3分割時は各443㎡。平土間、吊物可、舞台照明・映像音響・LAN・大型貨物用エレベーターあり"
DETAIL-012,CAND-010,nara-convention-abc,コンベンションホールABC,flat_hall,2100,9.9,2000,,,yes,temporary,conditional,conditional,https://www.nara-cc.jp/facility/floor.html,2026-07-30,verified,"無柱平土間。A・B・Cへ3分割可。基本レイアウトはフラットで、備品追加・レイアウト変更は別料金"
DETAIL-013,CAND-010,nara-convention-a,コンベンションホールA,flat_hall,730,9.9,700,,,yes,temporary,conditional,conditional,https://www.nara-cc.jp/facility/floor.html,2026-07-30,verified,"全面ABCの1/3区画。スクール360人"
DETAIL-014,CAND-010,nara-convention-b,コンベンションホールB,flat_hall,600,9.9,521,,,yes,temporary,conditional,conditional,https://www.nara-cc.jp/facility/floor.html,2026-07-30,verified,"全面ABCの1/3区画。スクール300人"
DETAIL-015,CAND-010,nara-convention-c,コンベンションホールC,flat_hall,770,9.9,700,,,yes,temporary,conditional,conditional,https://www.nara-cc.jp/facility/floor.html,2026-07-30,verified,"全面ABCの1/3区画。スクール360人"
DETAIL-016,CAND-010,nara-tenpyo,天平ホール,flat_hall,600,8,504,,,no,temporary,conditional,conditional,https://www.nara-cc.jp/facility/floor.html,2026-07-30,verified,"階段型座席を収納して平面利用可。階段型シアター476人。基本レイアウトはフラット＋ステージ"
DETAIL-017,CAND-028,makuhari-exhibition-10,国際展示場 展示ホール10,exhibition,4500,16,,,3000,no,temporary,conditional,conditional,https://www.m-messe.co.jp/organizers/guide/exhibitionhall/guide_exibition9-11,2026-07-30,verified,"展示ホール10・11は各4500㎡。天井高16〜34mは9〜11全体の公表レンジで、検索用数値には最低値16mを収録。床荷重3t/㎡を3000kg/㎡へ換算。床下ピット、放送設備、Wi-Fi対応可"
DETAIL-018,CAND-028,makuhari-event-hall,幕張イベントホール,arena,3098,27,9000,3948,,no,convertible,yes,conditional,https://www.m-messe.co.jp/organizers/guide/eventhall/guide_eventhall?newwindow=true,2026-07-30,verified,"最大約9000人。固定3948席、可動912席、仮設約3000席。音響・照明、100箇所の吊フック、リハーサルルームあり"
DETAIL-019,CAND-028,makuhari-convention-hall,国際会議場 コンベンションホール,conference,1390,7.5,1664,,,yes,temporary,conditional,yes,https://www.m-messe.co.jp/organizers/guide/conferencehall/guide_conference,2026-07-30,verified,"天井高7.5〜9.0mの最低値を検索用数値に収録。A/B各670㎡へ分割可。スクール1026人、試験684人、立食1000人。国際会議場全館で無料Wi-Fi"
DETAIL-020,CAND-029,bigsight-south-1,南展示棟 南1ホール,exhibition,5000,12,,,5000,yes,temporary,conditional,conditional,https://www.bigsight.jp/organizer/facilities/south.html,2026-07-30,verified,"約72m×72m。南2ホールとの間仕切り開放で10000㎡利用可。搬出入口3、主催者事務室1、商談室4。床耐荷重5t/㎡を5000kg/㎡へ換算"
DETAIL-021,CAND-036,portmesse-first-full,第1展示館 全面,arena,20160,13,5848,,5000,yes,convertible,yes,conditional,https://portmesse.com/facility/tenjikan01,2026-07-30,verified,"約2万㎡の無柱空間。天井高はトラス下20m・垂壁部分13mのため検索用数値に最低値13mを収録。4分割可。5848席は可動階段席。床耐荷重5t/㎡を5000kg/㎡へ換算"
DETAIL-022,CAND-036,portmesse-first-b,第1展示館 展示ホールB,exhibition,3360,13,,,5000,no,temporary,conditional,conditional,https://portmesse.com/facility/tenjikan01,2026-07-30,verified,"35m×96m。全面4分割時の最小区画。天井高はトラス下20m・垂壁部分13mのため検索用数値に最低値13mを収録。床耐荷重5t/㎡を5000kg/㎡へ換算"
DETAIL-023,CAND-040,intex-hall-5b,5号館Bゾーン,exhibition,1625,5,,,1000,no,temporary,conditional,conditional,https://www.intex-osaka.com/jp/organizer/guide/download/file/hall_5ab_detail.pdf,2026-07-30,verified,"インテックス大阪で最小の展示区画。柱あり（12m×19m間隔）、搬出入口1か所、アンカー打設不可。光回線・事務所LAN口、空調、ワイヤレスマイク2ch等の設備記載あり"
DETAIL-024,CAND-040,intex-hall-5a,5号館Aゾーン,exhibition,4728,6,,,5000,no,temporary,conditional,conditional,https://www.intex-osaka.com/jp/organizer/guide/download/file/hall_5ab_detail.pdf,2026-07-30,verified,"無柱空間。天井高6〜12mのため検索用数値に最低値6mを収録。搬出入口2か所、アンカー打設不可。5A・5Bの一体利用可"
DETAIL-025,CAND-030,pacifico-exhibition-a,展示ホールA,exhibition,3300,13,,,5000,yes,temporary,conditional,conditional,https://lp.pacifico.co.jp/hubfs/Annual_Report_2021_eng.pdf,2026-07-30,verified,"展示ホール全体は20000㎡の無柱空間で4分割可。天井高13〜19mのため検索用数値に最低値13mを収録。床耐荷重5t/㎡を5000kg/㎡へ換算"
DETAIL-026,CAND-030,pacifico-north-g1-g8,ノース 多目的ホール G1〜G8,flat_hall,6337,,,,,yes,temporary,conditional,yes,https://lp.pacifico.co.jp/hubfs/north/guide/North.pdf,2026-07-30,verified,"無柱・床面カーペット仕様。G1〜G8の8分割に対応。公式レイアウト例は全区画丸卓2340席、G1〜G4シアター3024席、G5＋G6シアター1440席。全区画のシアター収容は公開資料上で未確認"
DETAIL-027,CAND-030,pacifico-north-g1-g4,ノース 多目的ホール G1〜G4,flat_hall,2840,,3024,,,yes,temporary,conditional,yes,https://lp.pacifico.co.jp/hubfs/north/guide/North.pdf,2026-07-30,verified,"G1・G2各681㎡、G3・G4各739㎡の合計。公式レイアウト図にシアター3024席。区画ごとの分割利用も可能"
DETAIL-028,CAND-008,actcity-exhibition-full,展示イベントホール 全ブロック,exhibition,3500,12,3000,,2000,yes,temporary,yes,conditional,https://www.actcity.jp/user/exhibition/spec/,2026-07-30,verified,"35m×100m、3分割可。吊フック約200個・2t/点、各ブロックに幅4.7m×高さ4.0mの搬入口があり車両乗入可。控室6、主催者事務室、更衣室2"
DETAIL-029,CAND-008,actcity-exhibition-block3,展示イベントホール 第3ブロック,exhibition,1100,12,,,2000,no,temporary,yes,conditional,https://www.actcity.jp/user/exhibition/spec/,2026-07-30,verified,"最小料金の1100㎡区画。LAN、臨時電話、臨時電源に対応。床はコンクリート"
DETAIL-030,CAND-008,actcity-middle-hall,中ホール,stage_hall,190,15.5,1030,1030,,no,fixed,conditional,yes,https://www.actcity.jp/user/concert/spec/,2026-07-30,verified,"面積190㎡は舞台。舞台間口18.5m・高さ15.5m・奥行10.5m。固定1030席、リハーサル室2、楽屋8、400インチ大型映像スクリーン、LAN・Wi-Fi・舞台モニタ"
DETAIL-031,CAND-041,acrie-exhibition-full,展示場 A+B+C,exhibition,4000,10,4032,,5000,yes,temporary,yes,conditional,https://www.himeji-ccc.jp/organizer/exhibition.html,2026-07-30,verified,"無柱・コンクリート平土間。縦長レイアウトのシアター4032席、横長3456席。床ピット、横看板用吊バトン、500インチ電動スクリーン、10t車進入可"
DETAIL-032,CAND-041,acrie-exhibition-b,展示場B,exhibition,920,10,720,,5000,no,temporary,yes,conditional,https://www.himeji-ccc.jp/organizer/exhibition.html,2026-07-30,verified,"3分割時の最小区画。搬入口は開口幅約6m・高さ約5m、主催者控室約20㎡。床はコンクリート平土間"
DETAIL-033,CAND-041,acrie-middle-hall,中ホール,stage_hall,,,693,693,,no,fixed,conditional,conditional,https://www.himeji-ccc.jp/organizer/middle_hall.html,2026-07-30,verified,"固定693席。10t車最大2台の搬入車両留め置きに対応。楽屋21・27を基本料に含む。舞台寸法・天井高は本行では未観測"
DETAIL-034,CAND-001,hakodate-main-arena,メインアリーナ,arena,2860,12.5,5000,2120,,yes,temporary,yes,unknown,https://www.city.hakodate.hokkaido.jp/docs/2014040900082/,2026-07-30,verified,"44m×65m。収容5000人はイベント内容で変動するため、個別レイアウトは要確認。全面・2/3・1/3で料金区分あり"
DETAIL-035,CAND-001,hakodate-sub-arena,サブアリーナ,arena,1000,12.5,1044,208,,yes,temporary,conditional,unknown,https://www.city.hakodate.hokkaido.jp/docs/2014040900082/,2026-07-30,verified,"25m×40m。2分割料金あり。専用使用は原則平日午前・午後で、メインアリーナ全面使用時は原則貸出不可"
DETAIL-036,CAND-024,yamagata-bigwing-full,多目的集会展示場 全面,exhibition,3830,13.3,4000,,,yes,temporary,conditional,conditional,https://www.convention.or.jp/facility/_data_1.html,2026-07-30,verified,"第1〜第4集会展示場を一体利用。公式施設紹介は3分割可、公式料金は4分の1単位の料金を掲載。椅子3500席・机椅子2200席の目安もあるため4000人は催事別レイアウト確認が必要"
DETAIL-037,CAND-024,yamagata-bigwing-quarter,多目的集会展示場 4分の1,exhibition,935,13.3,1000,,,no,temporary,conditional,conditional,https://www.convention.or.jp/bigwing/shisetsu/,2026-07-30,verified,"第1・第4区画の床面積は各935.28㎡、第2・第3は各980.39㎡。本行は料金表の4分の1区分に合わせ最小側935㎡を採用"
DETAIL-038,CAND-031,techno-west-full,西館 大展示場 全面,exhibition,3634,9,3000,,5000,yes,temporary,conditional,conditional,https://www.technohall.or.jp/facility.html,2026-07-30,verified,"91.3m×38.8m、膜天井。シアター約2700〜3000人、3ゾーン完全分割と1/2・1/4・3/4利用に対応。床荷重5t/㎡、搬入口5か所、トラック搬入可、5Gアンテナ設置"
DETAIL-039,CAND-031,techno-west-quarter-c,西館 大展示場 1/4 C,exhibition,877,9,,,5000,no,temporary,conditional,conditional,https://www.technohall.or.jp/pdf/sonota/nisi-ryokin202310.pdf,2026-07-30,verified,"現行料金表で最小面積の1/4区画C。1/4区画Bは940㎡。膜天井・床暖房のため床面保護条件は利用手引で要確認"
DETAIL-040,CAND-033,aimesse-full,展示場 全面,exhibition,4860,,,,,yes,temporary,conditional,unknown,https://www.yiso.or.jp/messe/facilities/,2026-07-30,verified,"全面・2/3・1/3の3分割利用。主催者控室3室、大会議室150席、交流サロン102席を同一施設内に備える。天井高・床荷重・シアター収容は公式ページから未観測"
DETAIL-041,CAND-033,aimesse-third,展示場 1/3,exhibition,1620,,,,,no,temporary,conditional,unknown,https://www.yiso.or.jp/messe/facilities/,2026-07-30,verified,"最小分割区画。照明はLED昼白色5000K、Ra70、器具光束25000lm。区画別搬入口・床条件・収容は要確認"
DETAIL-042,CAND-020,okinawa-exhibition,展示棟 展示場,arena,2500,12.5,5000,1468,2000,no,temporary,yes,conditional,https://www.oki-conven.jp/top2/institution2/tenjitooutline/,2026-07-30,verified,"展示有効部分約2500㎡、天井高は12.5〜24.5m（中央21m）。固定1468席・可動672席・移動席で舞台設置時4120席例、最大5000人。床耐圧2t/㎡、10t車両走行可、搬入口4か所、最大165㎡の組立舞台、吊フック122点"
DETAIL-043,CAND-002,yumemesse-exhibition-full,本館展示棟 展示ホールA+B+C,exhibition,7500,13,,,5000,yes,temporary,yes,conditional,https://www.yumemesse.or.jp/facility/main-building-exhibition-building/,2026-07-30,verified,"無柱・コンクリート平土間。天井高17〜25m、間仕切受梁部13mのため検索用数値は最低値13m。3分割可。5m×5m搬入口3か所、車両進入可。主催者事務室・会議室・控室を各3室、給排水・場内放送・冷暖房・光通信ケーブル敷設対応"
DETAIL-044,CAND-002,yumemesse-exhibition-third,本館展示棟 展示ホール1/3区画,exhibition,2500,13,,,5000,no,temporary,yes,conditional,https://www.yumemesse.or.jp/facility/main-building-exhibition-building/,2026-07-30,verified,"A・B・Cのいずれか1区画。全面7500㎡の3分割と公式施設検索の2500㎡区分から収録。天井高は全面の最低値13m。各区画に搬入口・主催者諸室あり"
DETAIL-045,CAND-002,yumemesse-conference-hall,本館会議棟 大ホールA+B,flat_hall,410,5.9,504,,500,yes,temporary,conditional,conditional,https://www.yumemesse.or.jp/facility/main-building-conference-building/,2026-07-30,verified,"2分割可。240インチスクリーン、固定プロジェクター、移動観覧席を備え、基本仕様は机・椅子なしの可変レイアウト"
DETAIL-046,CAND-050,sapporo-main-full,大ホール 全面,flat_hall,2607,12,2500,,,yes,fixed,conditional,conditional,https://www.sora-scc.jp/organizer/venue/,2026-07-30,verified,"間口約63.5m・奥行約41.1m・天井最高部12m。昇降式ステージ、2・3分割、3か国語同時通訳ブースを装備。最大収容は機器設置により減少"
DETAIL-047,CAND-050,sapporo-main-third-b,大ホール 3分割B,flat_hall,866,12,800,,,no,fixed,conditional,conditional,https://www.sora-scc.jp/organizer/venue/,2026-07-30,verified,"3分割の中央区画。面積866㎡、最大800人。区画利用時の有効天井・舞台位置・投擲範囲は要確認"
DETAIL-048,CAND-051,marine-a-main,多目的展示室 1階,arena,8000,20,15000,,5000,no,fixed,yes,conditional,https://www.marinemesse.or.jp/download/document/document_dl.php?document_no=1&id=38,2026-07-30,verified,"102m×79m、天井高20〜30m、吊下げ総重量500t。床荷重5t/㎡だが昇降席0.55t/㎡・昇降舞台1t/㎡で車両乗入不可。最大15000人、来場者用約950台・関係者用約80台を利用手引きに記載"
DETAIL-049,CAND-051,marine-a-subarena,サブアリーナ,practice_hall,1400,,,,350,no,none,yes,unknown,https://www.marinemesse.or.jp/download/document/document_dl.php?document_no=1&id=38,2026-07-30,verified,"3階。公式利用手引きがスポーツ競技時のウォームアップ会場として利用可能と明記。天井高・収容・配信回線は未観測"
DETAIL-050,CAND-052,kita-hall,ホール,stage_hall,,,700,,,no,fixed,conditional,unknown,https://www.osakacommunity.jp/kita-center/guide/fee/,2026-07-30,verified,"舞台付き。椅子席700人、机使用時約300人。面積・天井高・固定席数・配信回線は未観測"
DETAIL-051,CAND-053,ecole-hall,4階ホール（エコーレ）,transformable_hall,579,,506,264,,yes,fixed,conditional,unknown,https://www.hall-ecole.org/files/libs/641/202401111622502130.pdf,2026-07-30,verified,"基本506席。前方242席は平置き可動、後方264席はひな壇固定だが収納可能。全面フラット、半分仕切り、楽屋2室。天井高は未観測"
DETAIL-052,CAND-054,iwakura-multipurpose,多目的ホール,stage_hall,,,,,,no,fixed,conditional,unknown,https://www.city.iwakura.aichi.jp/0000000028.html,2026-07-30,verified,"放送設備、音響反射板、照明、演台等の付帯設備と冷暖房料金を公式掲載。面積、定員、天井高、固定席、配信回線は未観測"
DETAIL-053,CAND-055,sunamachi-training-1,第1研修室,flat_hall,225.2,,200,,,yes,fixed,yes,unknown,https://www.kcf.or.jp/sunamachi/shisetsu/ichiran/detail/?id=123,2026-07-30,verified,"フローリング。第2研修室と連結可能。舞台・照明、グランドピアノ、音響卓セットは別料金。ダンス、ヨガ、大会、コンクール等に利用可。天井高は未観測"
DETAIL-054,CAND-056,nyc-large-hall,カルチャー棟 大ホール,stage_hall,,,758,758,,no,fixed,conditional,unknown,https://nyc.niye.go.jp/lib/pdf/facilities/culture/hall_L.pdf,2026-07-30,verified,"舞台間口約20m×奥行約10m。楽屋6室、楽屋事務室、音響室、投光室、映写室を備える。天井高は未観測"
DETAIL-055,CAND-056,nyc-rehearsal,カルチャー棟 リハーサル室,practice_hall,300,,100,,,no,temporary,yes,unknown,https://nyc.niye.go.jp/wp-content/uploads/2026/07/nyc_price20260707.pdf,2026-07-30,verified,"約300㎡。公式施設案内では大練習室として定員100人、移動式鏡、バレーバー、移動ステージ等を備える"
DETAIL-056,CAND-056,nyc-gym-1,スポーツ棟 第1体育室,practice_hall,816,,,,,no,none,yes,unknown,https://nyc.niye.go.jp/wp-content/uploads/2026/07/nyc_price20260707.pdf,2026-07-30,verified,"約816㎡。第2体育室も約816㎡、第3体育室は約851㎡。天井高、床材、同時利用時の動線・音条件は未観測"
DETAIL-057,CAND-016,sunlake-multipurpose,多目的ホール,flat_hall,,,224,,,yes,convertible,yes,unknown,https://www.town.kasuya.fukuoka.jp/s037/040/010/010/010/030/20191202181804.html,2026-07-30,verified,"可動席を収納すると展示会、ダンス・バレエのレッスン、スクール形式講習会等に対応。2分の1利用可。面積、天井高、床材、舞台寸法は公式ページ上で未観測"
DETAIL-058,CAND-016,sunlake-sakura,さくらホール,stage_hall,,,560,560,,no,fixed,conditional,unknown,https://www.town.kasuya.fukuoka.jp/s037/040/010/010/010/20191115151740.html,2026-07-30,verified,"560人収容のコンサート・発表会・講演会等向けホール。舞台のみ利用、リハーサル室、楽屋A〜Cあり。面積、天井高、舞台寸法は公式ページ上で未観測"
DETAIL-059,CAND-057,gibun-multipurpose,多目的ホール全面,flat_hall,412,,370,,,yes,temporary,conditional,conditional,https://gibun.jp/facility/,2026-07-30,verified,"シアター370人、机・椅子297人。201㎡・200人のホール1と211㎡・170人のホール2へ分割可。講演会・展示会・ダンス形式に対応。全館Wi-Fiだが配信品質は未確認"
DETAIL-060,CAND-058,bellesalle-akihabara-2fb,2F HALL B,event_hall,313,6,308,,,yes,temporary,conditional,yes,https://www.bellesalle.co.jp/shisetsu/tokyo/bs_akihabara/detail/bs_akihabara_hall_2fb/,2026-07-30,verified,"シアター308席、スクール3名掛け180席、島型120席。大型スクリーン、専有回線NURO、控室あり。過去大会がこの区画を利用したかは未確認"
DETAIL-061,CAND-025,bigpalette-exhibition-full,多目的展示ホール全面,exhibition,5495,15,5500,,2000,yes,temporary,conditional,conditional,https://big-palette.jp/promotor/room/exhibition-hall.html,2026-07-30,verified,"無柱平土間。天井高15〜20m、キャットウォーク下13.5m。条件付き床荷重5t/㎡の区域があるが、通常値2t/㎡を2000kg/㎡へ換算。A・B・Cの3分割と2面結合に対応。催事配信は有線LANを基に個別Wi-Fi構築を施設が推奨"
DETAIL-062,CAND-025,bigpalette-convention-full,コンベンションホール全面,flat_hall,953,7,900,,500,yes,temporary,conditional,conditional,https://www.big-palette.jp/promotor/room/convention-hall.html,2026-07-30,verified,"タイルカーペット平土間。A575㎡とB335㎡へ分割可。スクール500人、円卓300人。搬出入口2か所、250・200インチスクリーン、吊りバトン、電源取出盤あり"
DETAIL-063,CAND-025,bigpalette-exhibition-a,多目的展示ホールA（南側）,exhibition,1670,15,1400,,2000,yes,temporary,conditional,conditional,https://big-palette.jp/promotor/room/exhibition-hall.html,2026-07-30,verified,"スクール860人、展示70小間。全面ホールを可動間仕切りで分割する1区画。天井は全面仕様の15〜20m、キャットウォーク下13.5m"
DETAIL-064,CAND-025,bigpalette-exhibition-b,多目的展示ホールB（中央）,exhibition,1444,15,1150,,2000,yes,temporary,conditional,conditional,https://big-palette.jp/promotor/room/exhibition-hall.html,2026-07-30,verified,"スクール720人、展示50小間。全面ホールを可動間仕切りで分割する1区画。天井は全面仕様の15〜20m、キャットウォーク下13.5m"
DETAIL-065,CAND-025,bigpalette-exhibition-c,多目的展示ホールC（北側）,exhibition,2375,15,2100,,2000,yes,temporary,conditional,conditional,https://big-palette.jp/promotor/room/exhibition-hall.html,2026-07-30,verified,"スクール1150人、展示100小間。全面ホールを可動間仕切りで分割する1区画。天井は全面仕様の15〜20m、キャットウォーク下13.5m"
DETAIL-066,CAND-034,airwater-main,エア・ウォーターアリーナ松本 メインアリーナ,arena,2535,,7000,3596,,yes,none,yes,unknown,https://www.city.matsumoto.nagano.jp/soshiki/239/5722.html,2026-07-30,verified,"39m×65m。固定3596席、ロールバック可動1536席、移動席を含め利用形態により3600〜7000席。3分割可。天井高、床荷重、催事回線は公式ページ上で未観測"
DETAIL-067,CAND-034,airwater-sub,エア・ウォーターアリーナ松本 サブアリーナ,arena,1110,,192,,,yes,none,yes,unknown,https://www.city.matsumoto.nagano.jp/soshiki/239/5722.html,2026-07-30,verified,"30m×37m。ロールバック可動席192席。2分割可。バドミントン4面等に対応。天井高、床荷重、催事回線は公式ページ上で未観測"
DETAIL-068,CAND-034,kissei-large,キッセイ文化ホール 大ホール,theater,,,2000,2000,,no,fixed,conditional,conditional,https://www.matsubun.jp/outline/,2026-07-30,verified,"固定2000席。プロセニアム間口18m・高さ10m、楽屋9室、4か国語同時通訳設備。無料Wi-Fi・有線LANと別事業者の有料回線があるが、配信帯域は要確認"
DETAIL-069,CAND-034,kissei-medium,キッセイ文化ホール 中ホール,flat_hall,939,,1000,,,no,convertible,conditional,conditional,https://www.matsubun.jp/outline/,2026-07-30,verified,"電動可動椅子308席を含む移動席最大746席。椅子収納時939㎡、昇降舞台252㎡。全椅子収納のオールスタンディングは公式案内で定員1000人。可動椅子上の一斉起立・跳躍は禁止"
DETAIL-070,CAND-014,matsuyama-main,体育館 メインアリーナ,arena,2038,,,,,yes,none,yes,unknown,https://www.cul-spo.or.jp/comcen/fac_taiiku/,2026-07-30,verified,"50.7m×40.2m。バスケットボール・ハンドボール2面、バドミントン12面等。1/3単位の専用利用可。天井高、観客席数、床荷重、催事回線は公式ページ上で未観測"
DETAIL-071,CAND-014,matsuyama-sub,体育館 サブアリーナ,arena,670,,,,,yes,none,yes,unknown,https://www.cul-spo.or.jp/comcen/fac_taiiku/,2026-07-30,verified,"18.6m×36.0m。バスケットボール・バレーボール1面、バドミントン4面等。メインのアップコートや小規模大会に利用可能。半面利用可"
DETAIL-072,CAND-014,camellia-hall,文化ホール（キャメリアホール）,stage_hall,537,,988,506,,no,convertible,conditional,conditional,https://www.cul-spo.or.jp/comcen/fac_bunka_list/,2026-07-30,verified,"観客席面積は1階537㎡。1階ロールバック可動482席、2・3階固定506席、計988席。舞台261㎡・間口18m・奥行14.5m・高さ8m、楽屋5室、リハーサル室112㎡。ホール専用5G基地局あり"
DETAIL-073,CAND-017,kumamoto-exhibition,イベント・展示ホール,exhibition,1630,6,,,2000,yes,temporary,yes,conditional,https://www.kumamoto-jo-hall.jp/organizer/spec_exhibition.html,2026-07-30,verified,"北側B約830㎡、南側A約690㎡に分割可。コンクリート床＋塗装、11t車直接乗入れ可。固定グリッドバトン、電動道具バトン、電気・給排水ピットあり。投擲・床保護・催事回線は要確認"
DETAIL-074,CAND-017,kumamoto-civic,シビックホール（多目的ホール）,flat_hall,840,7,750,,350,yes,convertible,conditional,conditional,https://www.kumamoto-jo-hall.jp/organizer/spec_civic.html,2026-07-30,verified,"北側B約380㎡、南側A約220㎡に分割可。移動観覧席約320席＋仮設約430席で計750席、収納時は平土間。舞台幅約26m×奥行約9m、350インチスクリーン、搬入EV2300kg。移動観覧席での飲食は禁止"
DETAIL-075,CAND-017,kumamoto-main,メインホール,stage_hall,,,2304,2304,500,no,fixed,conditional,conditional,https://www.kumamoto-jo-hall.jp/organizer/spec_main.html,2026-07-30,verified,"1階1738席・2階566席。舞台幅約22m×奥行約20m、420インチスクリーン。搬入EVは4500kgと6000kgの2基。固定席ホールのため、競技床を要するJJF型よりWYYC型の舞台・決勝用途向き"
DETAIL-076,CAND-043,bigship-multipurpose,多目的ホール,multipurpose_hall,1879,,2004,,500,yes,convertible,yes,yes,https://www.bigship.or.jp/bigship/organizer/6/1/,2026-07-30,verified,"可動席1824席、固定・バルコニー等を含む最大2004席。客席収納時は平土間1879㎡で展示・スポーツ競技会に対応し、1/2利用可。舞台最大幅34m・奥行18.5m、プロセニアム間口22m・高さ10m。通信・給排水ピットあり"
DETAIL-077,CAND-043,bigship-international,国際会議室,flat_hall,534,,408,,,no,temporary,conditional,yes,https://www.bigship.or.jp/bigship/organizer/6/3/,2026-07-30,verified,"絨毯の平土間で客席フリーレイアウト。貸出時は机・椅子を倉庫収納。学会・シンポジウム・展示会・レセプションに対応。天井高、床荷重、投擲条件は公式ページ上で未観測"
DETAIL-078,CAND-005,lightcube-large,大ホール,flat_hall,1882,8.3,2000,,540,yes,temporary,conditional,conditional,https://u-koryukyoten.jp/assets/pdf/guide/shisetsuriyoutebiki.pdf,2026-07-30,verified,"34.06m×55.26m、天井高8.3〜9.4m。高弾性衝撃吸収シート床、東西2分割可。スクール1152人、立食1000人。搬入口、床配線ピット、道具・照明バトンあり。スポーツ・投擲可否は要確認"
DETAIL-079,CAND-005,lightcube-medium,中ホール,stage_hall,649,6.5,702,,,yes,fixed,conditional,conditional,https://u-koryukyoten.jp/assets/pdf/guide/shisetsuriyoutebiki.pdf,2026-07-30,verified,"天井高6.5〜8.7m、シアター702人、スクール360人、立食400人。東西分割可で常設ステージあり。床荷重、投擲・運動利用、配信回線の詳細は公式公開資料上で未観測"
DETAIL-080,CAND-048,seagaia-summit-full,サミットホール（全スパン）,convention_hall,2603,9,3300,,,yes,temporary,conditional,conditional,https://www.seagaia-mice.jp/facilities/convention-center/convention-4f/summit-hall-all/,2026-07-30,verified,"61.40m×42.38m。シアター3300人、スクール1590人、立食5000人、ディナー1320人。1/5・1/3・2/3・全面に分割可。飲食可、6000kgカーリフトで展示車等を各階へ搬入可能。床荷重・投擲条件は未観測"
DETAIL-081,CAND-048,seagaia-summit-fifth,サミットホール1/5（天葉・天玉等）,convention_hall,358,9,400,,,yes,temporary,conditional,conditional,https://www.seagaia-mice.jp/facilities/convention-center/convention-4f/tenju-tenran/,2026-07-30,verified,"サミットホールの最小公開分割例。16.90m×21.19m、シアター400人、スクール200人、立食150人、ディナー160人。会議・分科会・ワークショップ向け。床荷重・投擲条件は未観測"
DETAIL-082,CAND-013,ishinhall-main,メインホール,multipurpose_hall,1190,17.2,2002,,200,yes,convertible,conditional,yes,https://ishinhall.com/wp-content/themes/overwall/images/pdf/yamaguchi_hall_floorguide.pdf,2026-07-30,verified,"平土間時の床面積約1190㎡、天井高17.2m、木目調ビニルタイル、床耐荷重200kg/㎡（配置により350kg/㎡まで）。平土間、半面、1200・1500・1700・2000席へ可変。舞台間口29m、搬出口2か所、5G・LANあり。投擲・床養生は要確認"
DETAIL-083,CAND-039,miyakomesse-hall3,第3展示場,exhibition,4000,6.75,4000,,500,yes,temporary,conditional,yes,https://www.miyakomesse.jp/planner/information/exhibition-hall3/,2026-07-30,verified,"80m×50m、半面2000㎡に2分割可。シアター4000人、スクール1800人。舞台音響・照明・映像、昇降・固定バトン、電気・ガス・給排水、インターネット回線あり。車両の場内乗入れ不可で4500kg搬入EVを使用"
DETAIL-084,CAND-039,miyakomesse-hall1,第1展示場,exhibition,1480,,,,,yes,temporary,conditional,conditional,https://www.miyakomesse.jp/planner/information/exhibition-hall1/,2026-07-30,verified,"地下1階、半面740㎡に分割可。天井高、収容、床荷重は公式ページ上で未観測。車両の場内乗入れ不可で4500kgまたは2000kg搬入EVを使用"
DETAIL-085,CAND-047,saga-main,メインアリーナ,arena,3036,20,8400,,,no,temporary,yes,conditional,https://saga-sunrisepark.com/wp-content/uploads/2023/05/SAGA_ARENA_PF_web_20230501.pdf,2026-07-30,verified,"床面積約3036㎡、天井高20m以上。コンクリート床にポータブルフロアを設置し、バレー・バスケット最大2面。11tトラック直接乗入れ可能な搬入口2か所、天井耐荷重100t。床耐荷重、投擲条件、最小貸出単位は要確認"
DETAIL-086,CAND-047,saga-sub,サブアリーナ,arena,1800,15,450,,,no,none,yes,conditional,https://saga-sunrisepark.com/wp-content/uploads/2023/05/SAGA_ARENA_PF_web_20230501.pdf,2026-07-30,verified,"床面積約1800㎡、天井高15m以上、木床・床ハードニング仕様。バレー・バスケット最大2面。メイン大会の練習、物販、第二会場、単独の中規模競技会に対応。床耐荷重・投擲・回線は要確認"
DETAIL-087,CAND-015,culport-large,四国銀行ホール（大ホール）,stage_hall,,9,1085,1085,,no,fixed,conditional,conditional,https://www.bunkaplaza.or.jp/facility/halls/,2026-07-30,verified,"舞台間口18m×奥行15m×高さ9〜11m（可変）、固定1085席。リハーサル室106.57㎡・天井4mと楽屋6室等を併設。平土間面積、床荷重、投擲・競技利用、配信回線は公式公開ページ上で未観測"
DETAIL-088,CAND-015,culport-small,龍馬学園イベントホール（小ホール）,flat_hall,258.7,4.5,200,,,no,temporary,conditional,conditional,https://www.bunkaplaza.or.jp/facility/halls/,2026-07-30,verified,"間口11.3m×奥行22.9m、既設舞台・固定席なし、移動席200。仮設舞台24台を自由配置可能。避難誘導計画等の許可を得た場合は約230人まで。床荷重、投擲・競技利用、配信回線は要確認"
DETAIL-089,CAND-003,sendai-exhibition-all,展示室（一体）,exhibition,3000,9,2560,,5000,yes,temporary,conditional,conditional,https://www.aobayama.jp/organizer/floor/exhibitionhall/exhibitionroom_all.html,2026-07-30,verified,"無柱カーペット平場、スクール1536席、最大5分割。床耐荷重5t/㎡（一部ピット開口部を除く）、搬出入口3か所はW5m×H5m。会議棟は2027年10月末まで休館、展示棟も2027年4〜10月末は休館予定"
DETAIL-090,CAND-003,sendai-exhibition-one,展示室1,exhibition,1000,9,792,,5000,yes,temporary,conditional,conditional,https://www.aobayama.jp/organizer/floor/exhibitionhall/exhibitionroom_1.html,2026-07-30,verified,"展示室1〜3は各1000㎡、シアター792席、スクール480席。展示室1は500㎡ずつに分割可。床耐荷重は一部ピットを除き5t/㎡。競技・投擲、床養生、遮音、同時催事は要確認"
DETAIL-091,CAND-006,tokimesse-wave-all,展示ホール（ウェーブマーケット）全面,exhibition,7800,22,10000,,5000,yes,temporary,conditional,conditional,https://www.tokimesse.com/sponsor/guide/wavemarket.html,2026-07-30,verified,"無柱コンクリート平場、最大天井高25.5m・平均22m。A5100㎡とB2700㎡に完全分割でき、45t以下の車両が直接進入可能。吊点2t/点、床ピットあり。投擲・床養生・観客配置は要確認"
DETAIL-092,CAND-006,tokimesse-wave-b,展示ホールB（3分の1）,exhibition,2700,22,2000,,5000,no,temporary,conditional,conditional,https://www.tokimesse.com/sponsor/guide/wavemarket.html,2026-07-30,verified,"最小の公式分割区画。シアター約2000人の参考値は1/3利用、展示ホール全体の平均天井高・床荷重を継承。完全分割時の遮音、搬入レーン、控室、競技・投擲は要確認"
DETAIL-093,CAND-006,tokimesse-snow,メインホール（スノーホール）,flat_hall,1133,7,1000,,400,yes,temporary,conditional,conditional,https://www.tokimesse.com/sponsor/guide/snow.html,2026-07-30,verified,"カーペット平土間、A/B各550㎡へ完全2分割。シアター1000、スクール700、立食700。大型搬入EV4.15t/3.35t、同時通訳ブース6室、構内LAN、映像音響照明調整室を備える"
DETAIL-094,CAND-032,ishikawa-hall4,4号館 展示場,exhibition,6675,8,,,1500,yes,temporary,conditional,unknown,https://ishikawa-odekake.jp/westpark/facilities/santen/,2026-07-30,verified,"北面2362㎡・南面3150㎡・共用部1163㎡。天井高は8〜19mのため数値欄は保守的に最小値8m。床荷重1500kg/㎡。搬入口9か所、うちW5.96m×H6.18mが4か所。競技・投擲、観客配置、床養生、遮音、催事回線は要確認"
DETAIL-095,CAND-032,ishikawa-hall3,3号館 展示場,exhibition,6209,10,,,1500,yes,temporary,conditional,unknown,https://ishikawa-odekake.jp/westpark/facilities/santen/,2026-07-30,verified,"東面4317㎡・西面1892㎡。天井高は東15.5m・西10mのため数値欄は保守的に10m。床荷重は位置により1500〜5500kg/㎡のため数値欄は最小値。搬入口5か所。競技・投擲、観客配置、床養生、遮音、催事回線は要確認"
DETAIL-096,CAND-032,ishikawa-hall1,1号館 展示場,exhibition,3193,10,,,1500,no,temporary,conditional,unknown,https://ishikawa-odekake.jp/westpark/facilities/santen/,2026-07-30,verified,"展示面積3193㎡、天井高10m、床荷重1500kg/㎡。放送・音響設備を有料貸出。競技・投擲、観客配置、床養生、搬入車両条件、催事回線は要確認"
DETAIL-097,CAND-049,kagoshima-main,メインアリーナ,arena,4486,,5700,,,yes,convertible,yes,conditional,https://nishihara-shokai-arena.jp/facilities/mainarena,2026-07-30,verified,"競技面42m×65m。移動観覧席6パターンで最大5700人。音響・照明・空調・舞台機構あり。レイアウト例は約2800〜5300席。床荷重、最低天井高、投擲、吊物、床養生、催事回線は要確認"
DETAIL-098,CAND-049,kagoshima-sub,サブアリーナ,arena,1008,15,,,,no,none,yes,conditional,https://nishihara-shokai-arena.jp/facilities/subarena,2026-07-30,verified,"競技面36m×28m、天井高15m。バスケット・バレー・フットサル2面、バドミントン6面。主な種目以外は要問い合わせ。床荷重、観客収容、投擲、吊物、床養生、催事回線は要確認"
DETAIL-099,CAND-011,okayama-event,イベントホール,flat_hall,595,6.5,594,,1000,yes,temporary,conditional,conditional,https://www.mamakari.net/facility/eventhall.php,2026-07-30,verified,"36m×16.5m、全面シアター594席、東西半面各264席。トラック搬入口直結、床ピット、音響・照明・映像・美術バトン・平台あり。競技・投擲、床養生、吊物荷重、催事回線は要確認"
DETAIL-100,CAND-011,okayama-convention,コンベンションホール,flat_hall,745,6.5,720,420,500,yes,convertible,conditional,conditional,https://www.mamakari.net/facility/conventionhall.php,2026-07-30,verified,"33.5m×21.8m。後壁収納ロールバック420席とスタッキング300席、6分割電動昇降舞台を収納して完全平土間化できる。音響・照明・映像・美術バトンあり。競技・投擲、床養生、吊物荷重、催事回線は要確認"
DETAIL-101,CAND-059,higashinari-large-flat,大ホール（平土間）,flat_hall,520,,615,,,no,convertible,conditional,unknown,https://www.osakacommunity.jp/higashinari-center/floor/,2026-07-30,verified,"移動観覧席を収納して平土間利用可能。大ホールの定員615名、面積520㎡。有効天井高、床荷重、投擲、配信回線は要確認"
DETAIL-102,CAND-060,nishinari-hall,ホール,stage_hall,614,,700,,,no,fixed,conditional,unknown,https://www.osakacommunity.jp/nishinari-center/floor/,2026-07-30,verified,"面積は舞台を含む。椅子700台、舞台音響・照明・プロジェクター等あり。定員表記、有効天井高、床荷重、投擲、配信回線は要確認"
DETAIL-103,CAND-061,suncherry-main,メインアリーナ,arena,2157.5,,1520,768,,no,none,yes,unknown,https://suncherry.hatsukaichi-sports.net/facilities/,2026-07-30,verified,"固定768席・可動752席の合計を最大観覧席数1520として収容欄に記録。舞台・配信・競技床と可動席の同時構成、天井高は要確認"
DETAIL-104,CAND-062,sunshine-fountain,噴水広場,event_space,,,,,,no,temporary,conditional,yes,https://co.sunshinecity.co.jp/file/pdf/fountain/fountain_202607.pdf,2026-07-30,verified,"4層吹抜け、628インチ大型ビジョン、ライブカメラ、音響・照明、有線回線、無料パイプ椅子120脚。床面積・安全上の最大観客数は公開規程から未観測"
DETAIL-105,CAND-063,theater-zoo,シアターZOO,black_box,100,,90,,,no,convertible,conditional,unknown,https://www.sapporo-community-plaza.jp/scarts_culturalfacility.html?num=782,2026-07-30,verified,"札幌市文化施設案内の約100㎡・90席。天井高、現行レイアウト、配信回線、搬入口は要確認"
DETAIL-106,CAND-064,10box-1,box-1,black_box,117,4.3,80,,,no,convertible,conditional,conditional,https://www.gekito.jp/?pg=1723857507,2026-07-30,verified,"13.3m×8.8m、80席・60席の構成例。照明・音響、Wi-Fi、有線LAN、北側大開口部あり。客席構成と高投げ・競技利用は要相談"
DETAIL-107,CAND-065,stspot-hall,ホール,flat_hall,56,3.6,60,,,no,convertible,conditional,conditional,https://stspot.jp/guide/,2026-07-30,verified,"舞台・客席を自由にレイアウトできる平土間。操作室10㎡、楽屋10㎡、ロビーを別に備える"
DETAIL-108,CAND-066,e9-theater,THEATRE E9 KYOTO,black_box,,,100,,,no,convertible,conditional,unknown,https://askyoto.or.jp/project/e9/,2026-07-30,verified,"公式運営者ページで100席規模を確認。面積、天井高、舞台構成、回線は要確認"
DETAIL-109,CAND-067,pom-hall,4階ホール,black_box,130,5.5,108,,,no,convertible,no,unknown,https://www.pomplazahall.jp/pom.html,2026-07-30,verified,"間口9.1m・奥行14m、可動席108席または60席。スポーツ・コンテスト等は許可できない利用例として明記"
DETAIL-110,CAND-068,mekaru-base,アトリエ銘苅ベース,black_box,115,3.2,80,,,no,convertible,conditional,unknown,https://www.m-base.okinawa/introduction/,2026-07-30,verified,"8.1m×14.2m、通常74席・最大80席。演劇・ダンス・伝統芸能等に対応。競技・投擲、配信回線は要確認"
DETAIL-111,CAND-069,ryutopia-studio-b,スタジオB,black_box,257.9,4,150,,,no,convertible,yes,unknown,https://www.ryutopia.or.jp/information/facility/studio-gallery/,2026-07-30,verified,"間口16.8m×奥行12.2m。劇場主舞台に近い面積を持つ演劇・舞踊用スタジオ。最大150席は舞台・客席構成により変動"
DETAIL-112,CAND-070,orbis-hall,多目的小ホール,black_box,200,,200,,,no,convertible,yes,conditional,https://www.bunka-toyama.jp/orbis/facilityguide/index.html,2026-07-30,verified,"舞台・客席総面積は約200㎡。9基の床昇降装置と直径4.2m回転舞台、最大200席の移動椅子、音響・照明・映像設備あり。天井高と催事用回線は要確認"
DETAIL-113,CAND-071,sainotsuno-theater,1F 劇場・イベントスペース,black_box,,3.48,,,,no,convertible,conditional,unknown,https://sainotsuno.org/wp/wp-content/themes/sainotsuno2025/pdf/zumen01.pdf,2026-07-30,verified,"公式図面の断面寸法で室内高約3.48m、平面寸法で約10.4m×約10.0mを確認。面積は換算せず未入力。消防上の定員、競技・投擲、回線は要確認"
DETAIL-114,CAND-072,nanjare-stage,4階舞台・客席,black_box,,,,,,no,convertible,yes,unknown,https://www.nanjare-nagoya.com/service/equipment/,2026-07-30,verified,"平台・箱馬、パイプ椅子大60脚・小20脚、音響・照明、楽屋、上階稽古場あり。椅子数を定員へ読み替えず、面積・天井高・収容は未入力"
DETAIL-115,CAND-073,shiinomi-theater,しいの実シアター,stage_hall,,4.5,108,,,no,fixed,conditional,unknown,https://forest.ashibue.jp/theater/10,2026-07-30,verified,"舞台間口8.8m・奥行6.0m。客席108席のうち最前列・2列目は可動。補助席込み消防上最大132人だが、通常客席108席を検索値に採用"
DETAIL-116,CAND-074,theater-nest,小劇場 THEATER NEST,stage_hall,,,77,66,,no,fixed,conditional,unknown,https://art-village-toon.jp/facility/theater/,2026-07-30,verified,"固定66席、車いす・補助席を含む77席。舞台77.05㎡。公式ページの合計面積163.97㎡と内訳105㎡＋77.05㎡が一致しないためarea_m2は未入力"
DETAIL-117,CAND-035,nagara-main-hall,長良川国際会議場 メインホール〈さらさ〜ら〉,stage_hall,,9,1897,,,no,movable_floor,conditional,unknown,https://www.g-ncc.jp/facilities/main-hall-2/,2026-08-02,verified,"最大1897席。舞台は705㎡、間口20m・高さ8.5〜9m・奥行14.5m、プロセニアム可動壁は間口18〜20m。面積は舞台面積のみ公開のためspace全体面積欄は未入力。舞台のみの練習利用料金が公開されるが、投擲・床養生・催事回線は要確認"
DETAIL-118,CAND-035,gmc-deai-dome,岐阜メモリアルセンター で愛ドーム（第1体育館）,arena,2200,,4065,2805,,no,shared,yes,unknown,https://gifu-sports.org/gmc/shisetsudata/deaidoom/,2026-08-02,verified,"アリーナ40m×55m。観客席4065席の内訳は2階2805席・可動1260席。会議室2室、更衣室（シャワー付）、ステージ照明・音響・調光・吊物・舞台設備（共有）、大型ビジョンを公式掲載。天井高・床荷重・催事回線は未観測"
DETAIL-119,CAND-035,gmc-fureai-dome,岐阜メモリアルセンター ふれ愛ドーム（第2体育館）,arena,1687.5,13.15,592,,,no,shared,yes,unknown,https://gifu-sports.org/gmc/shisetsudata/fureaidome/,2026-08-02,verified,"アリーナ37.5m×45m、観客席592席。放送設備、冷暖房・換気設備、舞台設備（共有）、吊物設備、更衣室（シャワー付）を公式掲載。床荷重・催事回線は未観測"
DETAIL-120,CAND-037,saori-main,日硝ハイウエーアリーナ メインアリーナ,arena,3174,15,4000,3054,,yes,,yes,unknown,https://shisetsu.mizuno.jp/m-7138/gallery,2026-08-02,verified,"69m×46m、2分割・3分割可。固定2476席・可動546席・車椅子32席で合計3054席。大型映像装置275インチを公式掲載し、車輌搬入可能と記載。床荷重、舞台、投擲、床養生、催事回線は未観測"
DETAIL-121,CAND-037,saori-sub,日硝ハイウエーアリーナ サブアリーナ,arena,1702,13,490,478,,yes,,yes,unknown,https://shisetsu.mizuno.jp/m-7138/gallery,2026-08-02,verified,"46m×37m、2分割可。固定468席・車椅子10席で合計478席。床荷重、舞台、投擲、床養生、催事回線は未観測"
DETAIL-122,CAND-037,messe-exhibition,メッセウイングNHW 展示場,exhibition,3231,13,4000,,,yes,temporary,conditional,unknown,https://shisetsu.mizuno.jp/m-7138/gallery,2026-08-02,verified,"39.7m×81.4m、3分割可。天井高は13〜16mのため数値欄は最小値13m。各展示場の収容人数1333名、全面4000名を公式掲載。車輌搬入可能。床荷重、スポーツ・投擲、床養生、催事回線は未観測"
DETAIL-123,CAND-075,kitayell-main,メインアリーナ,arena,3886,26,10000,4092,5000,yes,,yes,unknown,https://www.kitayell.jp/facilities/sports/main-arena/,2026-08-03,verified,"84.3m×49.7m。移動席1872席、1階固定席2612席・貴賓席72席・身障者席20席、2階固定席1388席、仮設席4036席を公式掲載。舞台照明・吊物・音響・大型映像設備の公式掲載はあるが、恒設舞台、投擲、床養生、催事回線は未観測"
DETAIL-124,CAND-075,kitayell-sub,サブアリーナ,arena,1647,22,,,,yes,,yes,unknown,https://www.kitayell.jp/facilities/sports/sub-arena/,2026-08-03,verified,"45m×35m。バレーボール2面、バスケットボール2面、テニス2面、バドミントン8面、卓球10面を公式掲載。1/2面積利用の料金規定あり。収容人数、床荷重、舞台、投擲、床養生、催事回線は未観測"
DETAIL-125,CAND-076,ys-arena-main,アリーナ（リンク解氷時）,arena,14000,15,9000,3045,,,,conditional,unknown,https://www.city.hachinohe.aomori.jp/soshikikarasagasu/naganeokunaiskatejo/bunka_sports/2/14957.html,2026-08-03,verified,"床面積・天井高は公式掲載の約値。固定席は車いす用28席を含む。スケートリンク開設期はリンク内側フィールド約5600㎡と観客席を使用可能。大型カラーモニター中央3面、多段調光LED照明、空調換気設備を公式掲載。床荷重、分割、恒設舞台、投擲、催事回線は未観測"
DETAIL-126,CAND-077,takaya-main,アリーナ,arena,3234,,5058,,,yes,,yes,unknown,https://www.city.morioka.iwate.jp/shisetsu/sports/gim/1006882.html,2026-08-03,verified,"市公式のフロア面積と観客席数を記録。5,058席は固定席・ロイヤルボックス・移動席・立見席を含む総数で、固定席数欄には転記しない。指定管理者は約3,200㎡、舞台・音響・照明設備とアリーナ観覧席3,098席を別に掲載。天井高、床荷重、分割、恒設舞台、投擲、床養生、催事回線は未観測"
DETAIL-127,CAND-078,bigwing-exhibition-all,多目的集会展示場（第1〜4）,exhibition,,,3500,,,yes,temporary,conditional,unknown,https://www.convention.or.jp/bigwing/shisetsu/,2026-08-03,verified,"第1〜4集会展示場の椅子収容は全体3,500席（1/4使用時850席）、机・椅子では全体2,200席（1/4使用時600席）。公式は収容席数を若干のゆとりのある設定と明記。面積は各区画へ記録し、全体の面積は未入力。天井高、床荷重、投擲、搬入、催事回線は未観測"
DETAIL-128,CAND-078,bigwing-exhibition-1,第1集会展示場,exhibition,935.28,,850,,,no,temporary,conditional,unknown,https://www.convention.or.jp/bigwing/shisetsu/,2026-08-03,verified,"公式掲載の床面積。椅子収容は1/4使用時850席で、公式は収容席数を若干のゆとりのある設定と明記。天井高、床荷重、投擲、搬入、催事回線は未観測"
DETAIL-129,CAND-078,bigwing-exhibition-2,第2集会展示場,exhibition,980.39,,850,,,no,temporary,conditional,unknown,https://www.convention.or.jp/bigwing/shisetsu/,2026-08-03,verified,"公式掲載の床面積。椅子収容は1/4使用時850席で、公式は収容席数を若干のゆとりのある設定と明記。天井高、床荷重、投擲、搬入、催事回線は未観測"
DETAIL-130,CAND-078,bigwing-exhibition-3,第3集会展示場,exhibition,980.39,,850,,,no,temporary,conditional,unknown,https://www.convention.or.jp/bigwing/shisetsu/,2026-08-03,verified,"公式掲載の床面積。椅子収容は1/4使用時850席で、公式は収容席数を若干のゆとりのある設定と明記。天井高、床荷重、投擲、搬入、催事回線は未観測"
DETAIL-131,CAND-078,bigwing-exhibition-4,第4集会展示場,exhibition,935.28,,850,,,no,temporary,conditional,unknown,https://www.convention.or.jp/bigwing/shisetsu/,2026-08-03,verified,"公式掲載の床面積。椅子収容は1/4使用時850席で、公式は収容席数を若干のゆとりのある設定と明記。天井高、床荷重、投擲、搬入、催事回線は未観測"
