operation_id,candidate_id,scope_space_id,nearest_station,walk_minutes,station_access,airport_access,parking_spaces_on_site,large_vehicle_access,loading_access,booking_open_months,booking_close_days,consecutive_use,setup_teardown_policy,food_policy,merch_policy,network_policy,lodging_note,access_source_url,booking_source_url,operations_source_url,observed_at,verification_status,note
OP-001,CAND-027,gmesse-exhibition,JR高崎駅,15,"徒歩約1.1km。市内循環バス「ぐるりん」乗入れ",,1918,yes,"展示ホールへ大型車両直接乗入可。大型自動車駐車場49台",,,conditional,"利用時間に設営撤去を含む。本番日と連続する練習・準備・撤去には別途設営料金",unknown,unknown,"LANあり。ギガ・ラインは別料金",,https://www.g-messe-gunma.jp/visitor-access.html,https://www.g-messe-gunma.jp/organizer-terms.html,https://www.g-messe-gunma.jp/visitor-facilities-exhibitionhall.html,2026-07-30,verified,"駐車台数は一般用。大型車駐車は要問い合わせ"
OP-002,CAND-018,dejima-exhibition,JR長崎駅,,"長崎駅西口正面から屋根付きペデストリアンデッキで直結",,300,yes,"展示棟搬入口はW4.0×H4.0m。大型搬入用EVあり",,,conditional,"搬入出は利用開始10日前までに車両台数等を申請。必要な養生を行う",unknown,unknown,yes,"ヒルトン長崎が隣接",https://dejima-messe.jp/access,https://dejima-messe.jp/faq,https://dejima-messe.jp/assets/teaser/pdf/carry_in_out03.pdf,2026-07-30,verified,"駐車場300台は総重量2.0t以下の一般車用。荷捌き後の搬入車両は移動が必要"
OP-003,CAND-019,bcon-convention,JR別府駅,20,"西口から西へ1.3km。路線バス約5分",,"58",yes,"地下駐車場のほか、別府公園東駐車場に大型バス25台",36,,conditional,"準備・設営・撤去も予約した利用時間内",unknown,conditional,unknown,"別府市内の宿泊・観光情報を施設が案内",https://www.b-conplaza.jp/access/,https://www.b-conplaza.jp/organizer2/policy/,https://www.b-conplaza.jp/organizer2/booking/,2026-07-30,verified,"全館またはコンベンションホール全面は36か月前の月初から。駐車場は隣接・臨時分を単純合算しない"
OP-004,CAND-045,asty-multipurpose,JR徳島駅,,"路線バス利用を公式アクセス資料で案内",,,yes,"多目的ホールへ11tトラック乗入可",36,30,conditional,"準備・リハーサル・撤去利用は料金条件が異なる。利用計画打合せが必要",unknown,unknown,conditional,,https://www.asty-tokushima.jp/organizer/reserve/manual/,https://www.asty-tokushima.jp/organizer/reserve/flow/index.html,https://www.asty-tokushima.jp/organizer/facility/hall/,2026-07-30,verified,"多目的ホールは3年前の同日から1か月前まで受付。予約解禁日に複数申込の場合は抽選"
OP-005,CAND-010,nara-convention-abc,近鉄新大宮駅,10,"徒歩約10分。奈良市庁前または三笠中学校前バス停からすぐ","大阪国際（伊丹）空港から空港バス約60分、関西国際空港から約100分",,conditional,"搬入口利用・設営撤去等の届出書と搬入口案内あり。車両条件は要確認",36,,unknown,"基本レイアウトはフラット。備品追加・レイアウト変更作業は別途有料",unknown,unknown,"全館Wi-Fi無料（天平広場除く）。臨時電話・インターネット届出書あり",,https://www.nara-cc.jp/access/,https://www.nara-cc.jp/guide/index.html,https://www.nara-cc.jp/facility/floor.html,2026-07-30,verified,"36か月前受付はコンベンションホール全面。分割A・B・Cは18か月前、天平ホールは12か月前"
OP-006,CAND-028,makuhari-exhibition-10,JR海浜幕張駅,5,"JR京葉線海浜幕張駅から徒歩約5分。東京駅から快速約30分","羽田空港・成田空港から高速バスあり。車では東京都心・羽田空港から約40分、成田空港から約30分",5000,yes,"展示ホール9〜11にローディングスペースと搬入出口あり。詳細な車両条件は利用打合せで確認",12,,conditional,"利用開始1か月前までに会場構成、工事、冷暖房、電気、警備等を打合せ。基本料外の光熱費・備品は事後精算",unknown,unknown,"展示ホールはWi-Fi対応可。高速光回線・ローカル5Gは別サービス",,https://www.m-messe.co.jp/access/?hl=ja,https://www.m-messe.co.jp/organizers/application/,https://www.m-messe.co.jp/organizers/guide/exhibitionhall/guide_exibition9-11,2026-07-30,verified,"駐車場約5000台、大型車両スペース120台・予約不可。会場使用料10%を4か月前、90%を1週間前までに支払う"
OP-007,CAND-028,makuhari-event-hall,JR海浜幕張駅,5,"JR京葉線海浜幕張駅から徒歩約5分。東京駅から快速約30分","羽田空港・成田空港から高速バスあり。車では東京都心・羽田空港から約40分、成田空港から約30分",5000,yes,"搬入出、設営撤去計画を利用開始約1か月前までに打合せ。搬入出口あり",12,,conditional,"基本使用料は連続12時間。本番、設営・撤去で利用目的別料金。8時以前・22時以降は立会人件費が別途必要",unknown,conditional,conditional,"周辺に施設公式のオフィシャルホテル案内あり",https://www.m-messe.co.jp/access/?hl=ja,https://www.m-messe.co.jp/organizers/application/,https://www.m-messe.co.jp/organizers/guide/eventhall/guide_eventhall?newwindow=true,2026-07-30,verified,"会場使用料50%を6か月前、残額を3か月前までに支払う。Wi-Fiは控室で対応可、ホール内は要確認"
OP-008,CAND-029,bigsight-south-1,ゆりかもめ東京ビッグサイト駅,3,"ゆりかもめ東京ビッグサイト駅から徒歩約3分。りんかい線国際展示場駅から徒歩約7分",,,yes,"南1ホールは搬出入口3・専用トラックヤードあり。搬入出車両は作業後に移動し、指定待機場・トラックヤード・駐車場を利用",18,,conditional,"搬入出・会場レイアウト・工事・警備等は担当者と利用計画を打合せ。半日のみの貸出なし",unknown,unknown,conditional,,https://www.bigsight.jp/visitor/access/?code=x,https://www.bigsight.jp/organizer/guide/howto/exhibition.html,https://www.bigsight.jp/organizer/download/pdf/guidance_hall.pdf,2026-07-30,verified,"各年度の予約は当該年度開始日4月1日の1年半前から受付。申込金10%、残金90%。2026〜2028年は部分・全館休館予定があるため日程別に最新の利用照会が必要"
OP-009,CAND-036,portmesse-first-b,あおなみ線金城ふ頭駅,2,"金城ふ頭駅から第1展示館まで徒歩約2分。名古屋駅からあおなみ線約24分","中部国際空港からの直通路線バスは全便運休中。鉄道乗継を公式案内",,yes,"第1展示館にW6.0m×H5.0mの搬出入口8か所、バックヤード大型車46台。来場者用場内駐車場はなく近隣金城ふ頭駐車場5010台を案内",18,,yes,"使用期間に準備・撤去・清掃・原状復旧を含む。30日超の連続使用は原則不可",unknown,unknown,"共用部Free Wi-Fiあり。展示ホール内の催事用回線は要確認",,https://portmesse.com/wp-content/uploads/areamap.pdf,https://portmesse.com/organizer/usage/flow,https://portmesse.com/facility/tenjikan01,2026-07-30,verified,"通常は18か月前の月初受付。第1展示館全館または複数展示館を同時に3日以上利用する場合は24か月前の月初。2026年6月1日以降はアジア・アジアパラ競技大会に伴う一般利用休止の影響があるため最新確認が必要"
OP-010,CAND-040,intex-hall-5b,ニュートラム中ふ頭駅,5,"中ふ頭駅から徒歩約5分。トレードセンター前駅から約8分、コスモスクエア駅から約9分","関西国際空港から中ふ頭駅まで鉄道約1時間40分。空港リムジンは隣接ホテルまで約50分",,yes,"5Bゾーンは搬出入口1か所。5A・5B用バックヤード駐車は合計20台と施設図面に記載",6,,conditional,"標準利用時間7:00〜22:00。利用開始2週間前までを目安に最終打合せ。電気・水道・ガス・冷暖房は使用者負担",unknown,unknown,"5Bに光回線、事務所LAN口あり。催事用回線・配信帯域・料金は要確認","隣接ホテルへの空港リムジン案内あり",https://www.intex-osaka.com/jp/access/train/,https://www.intex-osaka.com/jp/organizer/contact/,https://www.intex-osaka.com/jp/organizer/guide/download/file/hall_5ab_detail.pdf,2026-07-30,verified,"展示館一般は1年前受付。5B単独および半館利用は6か月前からで、5A主催者との調整が必要。料金支払いは請求後30日以内に10%、残額は利用開始1か月前まで"
OP-011,CAND-030,pacifico-north-g1-g8,みなとみらい線みなとみらい駅,5,"みなとみらい駅から主要施設まで徒歩約5分。JR・市営地下鉄桜木町駅から徒歩約12分","羽田空港から約30分と施設公式が案内",,yes,"ノース1Fにサービスヤード、各区画に付帯控室。車両寸法、待機台数、搬入時間は催事別に要確認",,,conditional,"貸出時間は開錠から施錠までで準備・撤去を含む。レイアウト変更、時間外、追加設備は料金表に別条件あり",conditional,conditional,"館内来場者向けFree Wi-Fiあり。主催者用回線、配信帯域、占有回線は要見積","約600室の隣接ホテル、周辺徒歩圏約6000室を施設公式が案内",https://www.pacifico.co.jp/english/access,https://plan.pacifico.co.jp/planning-resources,https://lp.pacifico.co.jp/hubfs/north/guide/North.pdf,2026-07-30,verified,"予約開始時期は公開資料から確定できず要問い合わせ。空き状況、使用可否、正式見積も未確認"
OP-012,CAND-008,actcity-exhibition-full,JR浜松駅,0,"JR浜松駅から動く歩道で直結。JR、私鉄、バス、タクシーの交通結節点","東海道新幹線浜松駅直結。空港からの公式所要時間は未観測",,yes,"展示イベントホール各ブロックに幅4.7m×高さ4.0mの搬入口1か所、搬入車両乗入可。中ホール搬入口は大ホールと共有で作業可能2台",18,,yes,"開館9:00〜22:00。準備・片付けも利用時間に含む。通常18か月前、3日以上連続は24か月前、全国・国際規模または対象2施設以上は36か月前",conditional,conditional,"展示区画・控室にLAN。中ホールはLAN・Wi-Fi・舞台モニタ。占有回線・配信帯域・料金は要確認","ホテルを含む複合施設。宿泊室数と価格帯は未観測",https://www.actcity.jp/user/exhibition/,https://www.actcity.jp/user/concert/application/,https://www.actcity.jp/user/exhibition/spec/,2026-07-30,verified,"物品販売は催事関連品に限り事前届出と施設了解が必要。中ホールは避難誘導・案内要員14名以上を主催者側で配置。付帯費は催事後請求"
OP-013,CAND-041,acrie-exhibition-full,JR姫路駅,10,"新幹線のぞみ停車駅を含むJR姫路駅から徒歩約10分。路線バスは約4〜10分","関西国際空港から直通リムジンバスで姫路駅まで約120分、大阪（伊丹）空港から約80分、神戸空港から約60分",381,yes,"展示場A〜Cは開口幅約6m×高さ約5m、10t車進入可。大型車両の台数・留置は事前打合せ。大・中ホールは10t車最大2台",13,3,yes,"開館9:00〜22:00。準備・後片付けを含む。原則1か月前までに運営、レイアウト、回線、搬入、飲食を打合せ。連続使用は原則7日まで",conditional,conditional,"通信回線使用は事前打合せ項目。無料Wi-Fi、占有回線、配信帯域、料金は区画別に要確認","姫路駅周辺宿泊の具体的な室数・価格帯は未観測",https://www.himeji-ccc.jp/access.html,https://www.himeji-ccc.jp/img/pdf/usage_guide.pdf,https://www.himeji-ccc.jp/organizer/policy.html,2026-07-30,verified,"使用月13か月前の月初から3日前まで。受付初日は重複時抽選、その翌日以降は先着。施設料と事前確定付帯費は全額前納。入場整理、警備、清掃、ごみ処理は別途主催者負担になり得る"
OP-014,CAND-001,hakodate-main-arena,市電函館アリーナ前,3,"JR函館駅から市電約40分、函館アリーナ前下車徒歩3分。タクシー約20分","函館空港からバス約20分で函館アリーナ前下車徒歩3分。タクシー約10分",284,conditional,"大型バス・マイクロバスの通常乗入れは不可。大規模大会時は事前相談。搬入口寸法・大型機材搬入動線は未観測",6,30,yes,"開館9:00〜22:00。午前・午後・夜間の3区分で、準備・撤去・清掃も利用時間内。連続使用は原則5日以内",conditional,conditional,"主催者用回線、配信帯域、占有回線、料金はいずれも未観測","湯の川温泉の宿泊情報を公式アクセスページから案内。室数・価格帯は未観測",https://zaidan-hakodate.com/arena/access.html,https://zaidan-hakodate.com/arena/senyou_riyou.html,https://www.zaidan-hakodate.com/arena/senyou.html,2026-07-30,verified,"メイン・サブは6か月前から1か月前まで。基本料は原則前納、早入り・延長・設備は当日精算。サブは原則平日午前・午後、メイン全面使用時は原則不可。駐車場は市民会館と共用284台"
OP-015,CAND-024,yamagata-bigwing-full,JR山形駅,,"山形駅から県立中央病院行バス約20分、またはタクシー約15分。羽前千歳駅までは鉄道約6分だが、駅から会場までの徒歩所要時間は未観測","山形空港からシャトルバス約35分で山形駅。仙台空港から山形北IC経由の車移動目安約70分",1000,yes,"大型車無料駐車20台。展示場搬入口の詳細寸法・車両乗入れ条件は個別図面と事前打合せが必要",12,,conditional,"24時間利用可能。準備・撤去のみは施設基本料70%。終了後に原状回復。展示場は開催2週間前までに消防等届出が必要",yes,conditional,"公共フロア無料Wi-Fiあり。展示場内の催事用LAN、占有回線、配信帯域、料金は未観測","山形市内宿泊の室数・価格帯は未観測",https://www.convention.or.jp/bigwing/access/,https://www.convention.or.jp/bigwing/riyou/,https://www.convention.or.jp/bigwing/dl/data/tenji_syouboutodoke.pdf,2026-07-30,verified,"通常は使用開始日の1年前8:30から受付。全国・東北大会、大規模利用は別途相談。施設料は予約金20%を請求後30日以内、残金を14日前まで。普通車1000台に加え臨時約230台、大型20台"
OP-016,CAND-031,techno-west-full,富山産業展示館口バス停,5,"富山駅から地鉄バス約25分、富山産業展示館口下車徒歩5分。タクシー約15分","富山きときと空港から徒歩約10分、車約3分",700,yes,"西館は床荷重5t/㎡、トラック搬入可。搬入口5か所は高さ5m・幅5m、うち1か所幅6.6m。臨時駐車場約250〜300台を別途案内",,,conditional,"原則9:00〜18:00。搬入搬出のみは基本料70%。西館床面は床暖房のため養生・積載方法を事前確認し、利用後原状復帰",conditional,conditional,"西館大展示場に5Gアンテナ。催事用固定回線、占有帯域、料金は未観測","施設周辺に宿泊施設はなく、公式FAQは富山駅前または総曲輪周辺を推奨",https://www.technohall.or.jp/access.html,https://www.technohall.or.jp/org/signup.html,https://www.technohall.or.jp/pdf/sinsei/tebiki.pdf,2026-07-30,verified,"大展示場と併用する会議室は1年6か月前から受付する公式案内があるが、大展示場本体の受付開始を独立して確認できずbooking_open_monthsは空欄。受付は平日9:00〜17:00。空港近接は強いが公共交通の本数は時刻表確認が必要"
OP-017,CAND-033,aimesse-full,JR甲府駅,,"甲府駅から車・タクシー約25分。身延線国母駅からタクシー約10〜15分。甲府駅から路線バス＋タクシー約30分","最寄空港からの公式所要時間は未観測",1114,conditional,"第1〜第3駐車場合計1114台。展示場搬入口寸法、大型バス・トラックの進入経路、留置台数は未観測",24,,conditional,"通常利用は7:00〜22:00。準備・撤去は0:00〜24:00利用可能。1週間前に最終打合せと関係機関届出",conditional,conditional,"催事用Wi-Fi、占有回線、配信帯域、料金はいずれも未観測","指定管理者が宿泊施設・シャトルバス・周辺駐車場確保を含むワンストップ手配を案内。具体的な室数・費用は要見積",https://www.yiso.or.jp/messe/access/,https://www.yiso.or.jp/messe/flow/,https://www.yiso.or.jp/messe/,2026-07-30,verified,"全面・2/3は2年前、1/3は1年前、会議室・屋外は6か月前から。料金は指定期日まで前納、電気水道設備は終了後精算。設営・警備・飲食・交通・宿泊手配は有償条件を要確認"
OP-018,CAND-020,okinawa-exhibition,コンベンションセンター前バス停,0,"那覇バスターミナルからバス約40〜60分。真志喜バス停利用は徒歩約15分","那覇空港からタクシー・車約40分。路線バス約50〜70分。空港リムジンはラグナガーデンホテルまで約55分、ホテルから徒歩約10分",450,yes,"展示棟は東西各2か所、幅3.6m×高さ3.7mの搬入口。10t車両、積載総重量24t車両の走行可。駐車450台は催事規模に応じ割当、誘導員は主催者配置",24,30,yes,"開館9:00〜22:00。準備撤去を利用時間に含む。連続利用は原則10日以内、中日は全日料金。0:00〜7:00は詳細打合せが必要",conditional,conditional,"電話・光回線設備使用届、LAN変更利用申込書がある。回線種別、占有帯域、配信性能、料金は要見積","ラグナガーデンホテル徒歩約10分。施設の宿泊周辺ガイドあり。室数・価格帯は未観測",https://www.oki-conven.jp/access/,https://www.oki-conven.jp/faq2/faq-org12/,https://www.oki-conven.jp/top2/institution2/tenjitooutline/,2026-07-30,verified,"県外対象で展示場利用は2年前、県内対象で展示場利用は1年前。国際会議等・全館利用は3年前または随時受付条件あり。仮予約は電話確認後に書面提出、30%前納、1か月前までに基本打合せ。駐車不足時は宜野湾港マリーナ有料駐車場を案内"
OP-019,CAND-012,kunibiki-large,JR松江駅,7,"松江駅から徒歩約7分","出雲縁結び空港・米子鬼太郎空港から松江駅方面の連絡バス案内あり。所要時間と運行本数は利用時点の時刻表確認が必要",441,yes,"車長8m以上12m以下・幅2.5m以下・高さ3.8m以下の大型車は第1駐車場入口専用ゲートを利用。大展示場搬入時は会館へ申出てバリカーを開閉し、搬入口付近へ駐車しない",12,,conditional,"利用時間は7:00〜22:00。22:00〜翌7:00は準備・撤去のみ。準備・撤去時間も利用時間に含む",unknown,conditional,"催事用固定回線・占有帯域・配信性能・料金は未観測","松江駅周辺の宿泊室数・価格帯は未観測",https://www.kunibikimesse.jp/access/,https://www.kunibikimesse.jp/organizer/organizer-guide/,https://www.kunibikimesse.jp/organizer/organizer-guide/fixtures/,2026-07-30,verified,"利用開始日の1年前同日から先着受付。仮予約後2週間以内に申込書提出。駐車場441台は有料だが3時間まで無料。大型催事は公共交通利用を推奨"
OP-020,CAND-002,yumemesse-exhibition-full,JR中野栄駅,20,"JR仙台駅から仙石線で中野栄駅まで約18分、駅から徒歩約20分。仙台駅前または中野栄駅から路線バス案内あり","仙台空港から仙台空港アクセス線で仙台駅まで約25分。車は仙台東部道路で仙台港ICまで約30分、ICから一般道。空港から近隣アウトレットへのバスは運行状況を都度確認",1193,yes,"本館展示場A・B・Cに幅5m×高さ5mの車両進入可能な搬入口を各1か所。4t超・特殊車両は事前相談。搬入経路の養生、複数催事時の時間調整が必要",24,30,yes,"全区画は24か月前、一部区画は18か月前から受付。開催・搬入出を別料金化。2日以上連続利用時は展示物等保管のための時間外料金を免除。使用後は原状回復と自動洗浄機清掃が必須",conditional,conditional,"公衆Wi-Fiと常設ビジネス回線はなし。臨時電話・インターネット回線は主催者がNTT東日本へ申込み。展示棟は光通信ケーブル敷設可","仙台駅・仙台港周辺の宿泊室数・価格帯は未観測",https://www.yumemesse.or.jp/access/,https://www.yumemesse.or.jp/application/,https://www.yumemesse.or.jp/wp-content/themes/Vanilla/img/pdf/downloads/1_price_list/pdf_riyotebiki_1.pdf,2026-07-30,verified,"駐車1193台は来場者用の第1〜第3・プラザ前・西館の合計。別に本館バックヤード45台と西館関係者22台。会場費30%を請求後15日以内、残70%を30日前まで、付帯費等は終了後精算。大規模催事は公共交通を推奨"
OP-021,CAND-050,sapporo-main-full,地下鉄東札幌駅,10,"地下鉄東西線東札幌駅から徒歩約10分","新千歳空港からJR札幌駅またはJR新札幌駅経由で約60分",470,conditional,"夏季470台、冬季320台。観光バス・大型トラック用駐車場はなく、事前に窓口または警備室へ相談。第1平面駐車場側にバスベイ・搬入口入口あり",18,,conditional,"全日9:00〜22:00。準備・設営・撤去も利用時間に含む。早朝7:00〜9:00・22:00以降は1時間単位で催事内容により相談",conditional,conditional,"催事用専用回線・上り帯域・料金は未観測","札幌駅周辺から地下鉄移動。周辺宿泊室数・価格帯と冬季徒歩条件は未観測",https://www.sora-scc.jp/access/,https://www.sora-scc.jp/organizer/use/,https://www.sora-scc.jp/organizer/fee/,2026-07-30,verified,"展示・イベント系の大ホール全面は18か月前、分割は12か月前、全館貸切は24か月前。駐車台数は夏季合計、冬季は減少。国際会議全館等は24か月より前の使用計画書相談あり"
OP-022,CAND-051,marine-a-main,地下鉄呉服町駅,15,"呉服町駅から徒歩15分、中洲川端駅から徒歩18分。博多駅・天神からマリンメッセ前行き西鉄バスあり","福岡空港から地下鉄で博多駅、博多駅からバス利用を公式案内",1199,yes,"車両乗入はN1・N2搬入口。N1は幅6m×高さ4.5mで最大6m開口、N2は幅6m×高さ4m。その他搬入口は床養生が必要。昇降舞台・昇降席部分へ車両乗入不可",24,,conditional,"基本料金は8:00〜21:00。開催日と準備撤去日を別料金化し、21:00〜翌8:00は1時間単位。利用計画書は1か月前、設備工事図面は2週間前まで",conditional,conditional,"臨時電話・インターネット回線は指定窓口へ相談。2026年にローカル5G実証導入のお知らせがあるが、一般催事の利用条件・料金・帯域は未確認","博多・天神からバス圏。周辺宿泊室数・価格帯は未観測",https://www.marinemesse.or.jp/messe/,https://www.marinemesse.or.jp/download/document/document_dl.php?document_no=1&id=38,https://www.marinemesse.or.jp/download/document/document_dl.php?document_no=1&id=38,2026-07-30,verified,"展示会・その他催事、集会・会議、アマチュアスポーツは利用開始24か月前から受付。駐車1199台は現行来場者ページの第1約700・第2 328・第3 171の合計。利用手引きの約950台＋関係者約80台とは更新時点・範囲が異なるため開催時割当を要確認"
OP-023,CAND-052,kita-hall,Osaka Metro扇町駅,3,"堺筋線扇町駅2号-B出口から北へ徒歩3分。JR大阪環状線天満駅から西へ徒歩3分","大阪駅・新大阪駅からの公式所要時間は未観測",,conditional,"北区役所地下の有料駐車場は台数に限りがある。大型搬入車の寸法・駐車・舞台搬入口は未観測",6,,conditional,"利用時間内に準備・撤去を含むか、舞台転換・前日設営の扱いは要確認",conditional,conditional,"催事用回線・配信帯域・料金は未観測","梅田周辺の宿泊選択肢は多いが、室数・価格帯は未観測",https://www.osakacommunity.jp/kita-center/facility/,https://www.osakacommunity.jp/kita-center/guide/flow/,https://www.osakacommunity.jp/kita-center/guide/fee/,2026-07-30,verified,"貸室は利用日の6か月前から受付。完全前納。利用区分は平日・休日と入場料等徴収有無で分かれる"
OP-024,CAND-053,ecole-hall,JR・横浜市営地下鉄桜木町駅,10,"桜木町駅から徒歩約10分。京急日ノ出町駅から徒歩約10分。戸部一丁目バス停から徒歩2分","羽田空港・新横浜駅からの公式所要時間は未観測",2,no,"ホール利用者は事務室前2台まで無料。車両は全長5m・幅1.9m・高さ3mまで。大型搬入車、舞台搬入口寸法は要確認",12,,conditional,"利用時間は入室から退室までで準備・後片付けを含む。利用1か月前までに進行・備品打合せ",no,conditional,"固定回線・Wi-Fi・配信帯域・料金は未観測","横浜・桜木町周辺の宿泊室数・価格帯は未観測",https://www.hall-ecole.org/files/libs/641/202401111622502130.pdf,https://www.hall-ecole.org/files/libs/641/202401111622502130.pdf,https://www.hall-ecole.org/files/libs/641/202401111622502130.pdf,2026-07-30,verified,"利用日の1年前の月初から受付。ホールは承認後1週間以内に30%、残金と備品料を2週間前まで。客席飲食不可、物販は事前許可が必要"
OP-025,CAND-054,iwakura-multipurpose,名鉄犬山線岩倉駅,15,"岩倉駅から徒歩15分、または名鉄バス一宮線西市停留所から徒歩4分","中部国際空港・名古屋駅からの公式所要時間は未観測",253,conditional,"大型車の進入、搬入口寸法、舞台搬入経路は未観測",3,20,conditional,"開館9:00〜21:30。2時間単位。市外、入場料、営利で倍率が変わる。準備撤去・連続利用条件は要確認",conditional,conditional,"催事用回線・Wi-Fi・配信帯域・料金は未観測","名古屋市内・小牧周辺を含む宿泊動線と室数は未観測",https://www.nem-shiteikanri.jp/shisetsu/iwakura/access/index.html,https://www.city.iwakura.aichi.jp/0000000028.html,https://www.city.iwakura.aichi.jp/0000000028.html,2026-07-30,verified,"利用月の3か月前から申請、オンラインは20日前まで。駐車台数は同じ市公式ページ内に262台と253台の記載差があり、検索用には所在地欄の253台を採用したため開催時確認"
OP-026,CAND-055,sunamachi-training-1,北砂二丁目バス停,8,"西大島、亀戸、錦糸町、東陽町方面から都営バスで北砂二丁目下車徒歩8分。清澄白河方面から北砂四丁目下車徒歩8分","羽田空港・新幹線駅からの公式所要時間は未観測",16,no,"駐車16台。大型車・舞台搬入口・荷捌き条件は未観測",6,7,conditional,"開館9:00〜22:00。抽選は7か月前20日から6か月前1日、先着は6か月前3日から。区分間の利用可否は要確認",conditional,no,"催事用回線・Wi-Fi・配信帯域・料金は未観測","江東区内・錦糸町周辺の宿泊室数・価格帯は未観測",https://www.kcf.or.jp/sunamachi/access/,https://www.kcf.or.jp/sunamachi/shisetsu/apply/,https://www.kcf.or.jp/sunamachi/shisetsu/ichiran/detail/?id=123,2026-07-30,verified,"第1・2研修室はレクホール等区分。区内・区外とも利用できるが営利目的は不可。インターネット先着申込は利用7日前まで"
OP-027,CAND-056,nyc-large-hall,小田急線参宮橋駅,7,"参宮橋駅から徒歩約7分。東京メトロ代々木公園駅から徒歩約10分の公式案内図あり","羽田・成田空港からの公式所要時間は未観測",125,yes,"一般車は地下駐車場125台。大型バスは北門専用出入口。大・小ホール利用車両は各2台まで構内入構対象で事前許可が必要",10,,yes,"一般団体の通常ホール利用は10か月前から。カルチャー棟は月15日まで。大・小ホールは内容により1か月前までの申込となる",conditional,conditional,"催事用回線・配信帯域・料金は未観測","敷地内宿泊棟あり。2026年7月7日料金は一般1泊5660〜8000円税込だが、団体要件・確保数・食事は別確認",https://nyc.niye.go.jp/access,https://nyc.niye.go.jp/reserve/flow,https://nyc.niye.go.jp/wp-content/uploads/2026/07/nyc_price20260707.pdf,2026-07-30,verified,"一般の大・小ホールは10か月前、青少年は1年前。駐車場は6:30〜23:00、地下駐車場400円/30分・12時間最大2800円"
OP-028,CAND-016,sunlake-multipurpose,JR長者原駅,7,"JR香椎線の長者原駅から徒歩7分。香椎駅から長者原駅は公式案内で約15分","福岡空港・博多駅からの公式所要時間は未観測",,unknown,"大型車の進入、搬入口、荷捌き、駐車台数は公式案内上で未観測",6,10,unknown,"利用時間は準備と後片付けを含む。多目的ホール等は利用月の6か月前の月初からオンライン申込可能",unknown,conditional,"Kasuya Free Wi-Fi対象施設だが、一部で電波が届かない場合がある。催事配信帯域・専用性・料金は未観測","福岡市内・空港周辺を含む宿泊室数と価格帯は未観測",https://www.town.kasuya.fukuoka.jp/s037/map/230/20191115151740.html,https://www.town.kasuya.fukuoka.jp/s037/030/010/170/sannreiku1.pdf,https://www.town.kasuya.fukuoka.jp/s037/040/010/010/020/20191130232335.html,2026-07-30,verified,"オンライン申込は利用日の10日前まで、それ以降は窓口。さくらホール等はインターネット予約不可。ホール利用時は駐車場・ホール・ロビー整理人員の配置が必要"
OP-029,CAND-057,gibun-multipurpose,JR関内駅,5,"JR根岸線関内駅南口から徒歩5分。横浜市営地下鉄伊勢佐木長者町駅出口2から徒歩3分","羽田空港・新横浜駅からの公式所要時間は未観測",60,no,"立体駐車場は車長4.75m・幅1.95m・高さ1.57m・総重量1.6t以下。大型車・舞台搬入口は未観測",6,28,yes,"利用時間は準備・片付けを含む。午前・午後・夜間を連続予約可能。ホールは最長3日連続利用可",conditional,conditional,"全館Wi-Fi対応。ただし配信帯域・専用回線・料金は未観測","横浜・関内周辺の宿泊室数・価格帯は未観測",https://gibun.jp/gibun/access/,https://gibun.jp/facility/reservation.html,https://gibun.jp/facility/,2026-07-30,verified,"多目的ホールは利用月6か月前の1〜15日抽選申込、空室随時予約は利用28日前まで。ホール利用1か月半前までにレイアウト提出。貸室内飲食は手続きが必要"
OP-030,CAND-058,bellesalle-akihabara-2fb,JR秋葉原駅,3,"JR秋葉原駅電気街改札北口から徒歩3分。つくばエクスプレス5分、日比谷線6分、銀座線末広町駅4分","羽田・成田空港からの公式所要時間は未観測",,conditional,"B1イベントホールは直接搬入可能で裏動線あり。2F HALL Bへの車両搬入経路・寸法は要確認",,,conditional,"最低利用時間は8時間または12時間。予約・空室は問い合わせ。控室単独利用不可",conditional,conditional,"2F HALL Bは専有回線NUROあり。帯域、固定IP、料金、配信支援は要見積","秋葉原・東京駅周辺の宿泊室数・価格帯は未観測",https://www.bellesalle.co.jp/shisetsu/tokyo/bs_akihabara/,https://www.bellesalle.co.jp/shisetsu/tokyo/bs_akihabara/detail/bs_akihabara_hall_2fb/,https://www.bellesalle.co.jp/download/bs_akihabara/,2026-07-30,verified,"2F HALL Bは大型スクリーン、控室、専有回線あり。近隣駐車場は公式から外部検索へ案内されるため、施設内駐車台数として登録しない"
OP-031,CAND-046,sunmesse-large,JR高松駅,,"JR高松駅から路線バス約30分。ことでん伏石駅経由は乗換時間を除き約22分","高松空港からタクシー約30分。高松中央ICから約2分",700,yes,"大展示場は床荷重5t/㎡で大型工作機械やクレーン車の直接乗入れに対応。詳細な搬入口寸法・留置条件は利用手引きで確認",24,,conditional,"原則9:00〜21:00の4時間区分。準備・撤去・清掃を利用時間に含め、時間外は1時間単位。利用1か月前までに計画書・打合せ",conditional,conditional,"2階施設はWi-Fi対応。大展示場の有線・専用回線、帯域、配信料金は要確認","高松市内・高松駅周辺の宿泊室数・価格帯は未観測",https://www.sunmesse.com/facilities/parking.php,https://www.sunmesse.com/organizer/application.php,https://www.sunmesse.com/images/organizer/application/tebiki.pdf,2026-07-30,verified,"大展示場全面は2年前、分割は1年前から受付。敷地内700台に加え臨時1000台は常設台数へ合算しない。残金は利用開始10日前まで、光熱・冷暖房・付帯設備・時間外は精算"
OP-032,CAND-025,bigpalette-exhibition-full,JR郡山駅,,"郡山駅西口から路線バス約15分。JR安積永盛駅から約1.5km・徒歩20分","福島空港から郡山駅までシャトルバス約35分。郡山南ICから約7km・車約15分",844,yes,"多目的展示ホールはW4.7m×H5mの搬出入口4か所。サービスヤードに大型車両23台分の駐車スペース",24,,conditional,"利用時間は設営から撤去・清掃・原状回復完了まで。多目的展示ホールの設営撤去のみは一部を除き基本料70%。仮予約は14日間有効",conditional,conditional,"各施設の有線LANは9000円/室・日で事前申込。個人向けフリーWi-Fiは催事利用に不向きで、有線LANから個別Wi-Fi構築を推奨","郡山市内・郡山駅周辺の宿泊室数・価格帯は未観測",https://big-palette.jp/access/access.html,https://big-palette.jp/promotor/flow.html,https://www.big-palette.jp/promotor/faq.html,2026-07-30,verified,"多目的展示ホール2面以上は24か月前、1面は12か月前から受付。通常の無料駐車場844台だが、スプリンクラー更新工事に伴い2028年3月予定まで一部閉鎖中。入場料加算、物販・飲食、投擲器具の床保護、連続利用の催事別条件は打合せが必要"
OP-033,CAND-034,airwater-main,JR松本駅,50,"徒歩約50分。松本バスターミナルから路線バス約20分、最寄停留所から徒歩3分","松本空港からの公式所要時間は未観測。松本ICから公式案内で車約15分",660,yes,"普通車660台・大型車30台をキッセイ文化ホールと共用。第2駐車場は催事時のみで事前申請が必要。アリーナ搬入口寸法は未観測",,,conditional,"利用時間に準備・後片付け・清掃を含む。大会・リーグ戦は年単位の事前調整、練習は抽選または一般予約。2施設同時確保は別々に申請",conditional,conditional,"アリーナの催事用回線、帯域、料金は未観測","浅間温泉は隣接文化ホールから車約5分・徒歩約20分。宿泊室数・価格・団体対応は別確認",https://matsumoto-arena.com/access/,https://www.city.matsumoto.nagano.jp/soshiki/239/50005.html,https://matsumoto-arena.com/guide/,2026-07-30,verified,"JJF 2025実績は適合の参考だが、現在の投擲・床養生・同時利用可否を保証しない。スポーツかその他利用か、通常予約の解禁時期、搬入、回線は問い合わせが必要"
OP-034,CAND-034,kissei-medium,JR松本駅,,"松本駅から路線バス約20分、最寄停留所から徒歩3〜5分。タクシー約15分","松本空港からの公式所要時間は未観測。松本ICから公式案内で車約30分",660,yes,"普通車660台・大型車30台をアリーナと共用。舞台搬入口寸法と大型車留置条件は要確認",12,40,conditional,"利用時間9:00〜21:30に搬入・準備・搬出・片付けを含む。大・中ホールは14日前までに搬入出・舞台・警備等を打合せ",conditional,conditional,"無料Wi-Fi・有線LANあり。別事業者の有料回線も利用可能だが、上り帯域・専用性・固定IP・料金は要確認","施設公式が浅間温泉を車約5分・徒歩約20分と案内。13軒の旅館組合を紹介するが、室数・団体価格は未観測",https://www.matsubun.jp/access/,https://www.matsubun.jp/guide/,https://www.matsubun.jp/guide/,2026-07-30,verified,"大・中ホールは13か月前の10〜20日に抽選申込、12か月前月初から先着、40日前まで受付。物販は関連商品のみ申請制。客席・国際会議室・リハーサル室は飲食不可。駐車場整理人員は主催者手配"
OP-035,CAND-014,matsuyama-main,伊予鉄高浜線 大手町駅,7,"大手町駅から徒歩約7分。松山市駅から路線バス約3分、JR松山駅から約2分","松山空港からの公式所要時間は未観測",263,yes,"地下243台と2026年5月からの地上20台。大型車は企画展示ホール西側に約2台・事前予約制。体育館の搬入口寸法は未観測",,,conditional,"利用時間内に準備・片付けを利用者が実施。大会は体育館事務所へ日程相談し、3か月前までを目途に予約、2週間前までに打合せ",conditional,conditional,"体育館の催事用回線、帯域、料金は未観測","松山市中心部の宿泊室数・価格帯は未観測",https://cul-spo.or.jp/comcen/access,https://www.cul-spo.or.jp/comcen/fac_taiiku/,https://www.cul-spo.or.jp/comcen/fac_taiiku/,2026-07-30,verified,"大会予約の受付開始時期は公開ページ上で未観測。床専用ラインテープを利用者が用意する規則はあるが、ジャグリング器具の投擲・床養生条件は別確認"
OP-036,CAND-014,camellia-hall,伊予鉄高浜線 大手町駅,7,"大手町駅から徒歩約7分。松山市駅から路線バス約3分、JR松山駅から約2分","松山空港からの公式所要時間は未観測",263,yes,"地下243台と2026年5月からの地上20台。大型車は約2台・事前予約制。ホール搬入口寸法・留置条件は未観測",12,,conditional,"利用時間9:00〜22:00に準備・撤去を含む。利用内容により事前打合せ。仮予約は1週間以内に申請書提出が必要",unknown,unknown,"キャメリアホール専用5G基地局あり。催事配信の上り帯域、専用性、料金、技術支援は要確認","松山市中心部の宿泊室数・価格帯は未観測",https://cul-spo.or.jp/comcen/access,https://www.cul-spo.or.jp/comcen/fac_bunka/,https://www.cul-spo.or.jp/comcen/fac_bunka/,2026-07-30,verified,"利用日の1年前から予約し、毎月1日に1年先同月分の受付会。体育館大会予約とは別窓口。2施設同時確保、棟間移動、物販、飲食、搬入は個別確認"
OP-037,CAND-017,kumamoto-exhibition,桜町バスターミナル,,"SAKURA MACHI Kumamoto内。熊本駅・市電停留場からの公式所要時間は公開アクセス図で要再確認","熊本空港からの公式所要時間は未観測",,yes,"西側搬入口A・Bは高さ3919mm・幅4006mm。展示ホールへ11t車直接乗入れ可。西側車両置場は事前申請制",12,,conditional,"利用時間9:00〜22:00に準備・撤去を含む。仮押さえは原則7日。大型資材・重量物は床・扉等の養生必須。利用約1か月前に計画打合せ",conditional,conditional,"電気・給排水設備はあるが、催事用回線の帯域・専用性・料金は公式ページ上で未観測","施設公式に観光・宿泊案内はあるが、団体室数・価格帯は未観測",https://www.kumamoto-jo-hall.jp/access/,https://www.kumamoto-jo-hall.jp/organizer/guidance.html,https://www.kumamoto-jo-hall.jp/organizer/loading.html,2026-07-30,verified,"展示・シビック・大会議室は12か月前初日から受付。複数施設は最も早い受付時期に同時申請可。一般来場者向け敷地内駐車台数は登録せず、SAKURA MACHI Kumamoto等の有料駐車場条件を別確認"
OP-038,CAND-017,kumamoto-civic,桜町バスターミナル,,"SAKURA MACHI Kumamoto内。熊本駅・市電停留場からの公式所要時間は公開アクセス図で要再確認","熊本空港からの公式所要時間は未観測",,conditional,"西側搬入口Cから2300kg搬入EVを使用。扉高さ3000mm・幅2300mm。西側車両置場は事前申請制",12,,conditional,"利用時間9:00〜22:00に準備・撤去を含む。仮押さえは原則7日。大型資材は養生必須。利用約1か月前に計画打合せ",conditional,conditional,"ホール設備は確認済みだが、催事用回線の帯域・専用性・料金は公式ページ上で未観測","施設公式に観光・宿泊案内はあるが、団体室数・価格帯は未観測",https://www.kumamoto-jo-hall.jp/access/,https://www.kumamoto-jo-hall.jp/organizer/guidance.html,https://www.kumamoto-jo-hall.jp/organizer/loading.html,2026-07-30,verified,"移動観覧席での飲食は禁止。催事区分、投擲・床養生、物販、飲食、配信、展示ホールとの同時確保は打合せで確認"
OP-039,CAND-043,bigship-multipurpose,JR米子駅,5,"JR米子駅北口から徒歩5分","米子空港から車または空港連絡バスで約25分",700,yes,"センター裏の構内駐車場は主催者の業務・搬入車専用で事前予約制。多目的ホールの平土間利用は公式養生資料あり。一般車700台は向かいの米子市文化ホール・商業施設との共用立体駐車場",15,,conditional,"9:00〜22:00の利用時間に準備・撤去・清掃を含む。全面は15か月前、1/2面は6か月前。仮申込は10日間、施設料前納、冷暖房・備品は利用後精算",conditional,conditional,"高速大容量通信・映像配信に対応。専有接続18480円／催事、21日前までに予約。帯域・固定IP・冗長回線は要確認","米子駅前の宿泊室数・団体価格は未観測",https://www.bigship.or.jp/bigship/guest/15/,https://www.bigship.or.jp/application/,https://www.bigship.or.jp/bigship/organizer/6/1/,2026-07-30,verified,"多目的ホールは利用1か月前〜2週間前を目安に技術打合せ。展示販売会以外の物販は事前承認。ジャグリング器具の投擲・床養生、飲食範囲、連続利用日数は要確認"
OP-040,CAND-005,lightcube-large,JR宇都宮駅,2,"JR宇都宮駅改札から徒歩約2分、東口デッキで接続","羽田・成田空港からの公式概要所要時間は交通状況を伴う参考値のため台帳数値化せず",,yes,"1階搬入出口は車高制限3.5m、10t車2台・4t車1台が同時停車可能。搬入ステージ間口6.85m、荷物用EV3000kg。専用駐車場なし",24,7,yes,"全面は24か月前、分割は18か月前から。最長10日連続。利用時間9:00〜22:00に準備・設営・保管・片付けを含み、大・中ホールは30日前までに打合せ",conditional,conditional,"中継・収録・撮影は申請制。施設回線、上り帯域、専有性、固定IP、料金は公式公開資料上で未観測","宇都宮駅周辺の宿泊室数・団体価格は未観測",https://u-koryukyoten.jp/assets/pdf/guide/shisetsuriyoutebiki.pdf,https://u-koryukyoten.jp/assets/pdf/guide/shisetsuriyoutebiki.pdf,https://u-koryukyoten.jp/assets/pdf/guide/shisetsuriyoutebiki.pdf,2026-07-30,verified,"専用駐車場はなく近隣有料駐車場を利用。物販・配布・展示、飲食・ケータリングは事前打合せ事項。大ホールのスポーツ・投擲、床養生、電気、警備、清掃、回線は個別確認"
OP-041,CAND-048,seagaia-summit-full,JR宮崎駅,,"宮崎駅から車約25分","宮崎空港から車約25分。一ツ葉有料道路利用時は約15分",2000,yes,"6000kgカーリフトで展示用車を含む大型機材を各階へ搬入可能。大型バス駐車場あり。搬入口・カーリフトの開口寸法と留置条件は要確認",,,conditional,"予約開始、仮押さえ、連続利用、設営撤去時間、取消条件は公開ページ上で未観測。会場・食事・宿泊を含むMICE提案と見積は問い合わせ",yes,conditional,"施設内Wi-Fiあり。有料・無料の区分、専有回線、上り帯域、固定IP、冗長化、配信支援は会場ごとに要確認","隣接するフェニックス・シーガイア・オーシャン・タワーは公式施設概要で全735室。団体在庫、朝食、価格、キャンセル、他宿泊棟との配宿は見積条件",https://www.seagaia-mice.jp/facilities/,https://www.seagaia-mice.jp/facilities/convention-center/,https://www.seagaia-mice.jp/facilities/convention-center/convention-4f/summit-hall-all/,2026-07-30,verified,"平面駐車場A〜F計2000台、施設利用者無料。公開の定価料金表は観測できず、会場費・宴会・宿泊・機材・人員・交通を分離した見積取得が必要。床荷重、投擲、練習利用、物販は要確認"
OP-042,CAND-013,ishinhall-main,JR新山口駅,0,"新山口駅北口から直結","山口宇部空港から直行バス約30分",518,yes,"搬出口は北舞台上袖側W2.7m×H2.75m、北舞台側W3m×H2.975m。車両台数・経路・養生・荷降ろし後の留置は事前打合せ。来場者用は有料駐車場518台",18,,conditional,"3区分以上連続利用は18か月前、2区分以下は12か月前、平土間半面は6か月前。利用時間に準備撤去を含み、1か月前までに使用計画打合せ",conditional,conditional,"第5世代通信環境とLAN回線あり。LAN利用料0円、Wi-Fiルーター1100円／区分。配信帯域・専有性・固定IP・冗長化は要確認","新山口駅周辺の宿泊室数・団体価格は未観測",https://ishinhall.com/,https://ishinhall.com/hall/org/,https://ishinhall.com/wp-content/themes/overwall/images/pdf/yamaguchi_hall_floorguide.pdf,2026-07-30,verified,"会場設営・座席転換は基本料外。物販を伴う場合は使用計画書、飲食は事前打合せ、警備・誘導は主催者責任。投擲・床養生、平土間半面の遮音、同時催事、連続利用日数は要確認"
OP-043,CAND-039,miyakomesse-hall3,京都市営地下鉄東西線 東山駅,8,"東山駅から徒歩約8分。京都駅から地下鉄乗車約15分＋徒歩約8分、タクシー約20分","関西・伊丹空港からの公式所要時間は未観測",163,yes,"平面荷捌き場はトラック20レーン・乗用車53レーンを催事ごとに配分。第3展示場は4500kg/2000kg搬入EVを使用。大型車は道路通行許可が必要な場合あり。場内車両乗入れ不可",24,,conditional,"第3展示場全面を2日以上は24か月前、分割または2日未満は12か月前。基本会期9:00〜17:00、搬出原状回復は最終22:00。準備・撤去は別の搬出入延長料金",conditional,conditional,"展示場内は事前申込の有料ブロードバンド回線、各階ロビーは無料Wi-Fi。帯域、専有性、固定IP、冗長化、料金は要確認","京都岡崎・中心部の宿泊室数・団体価格は未観測",https://www.miyakomesse.jp/access/,https://www.miyakomesse.jp/planner/rules/,https://www.miyakomesse.jp/planner/price/carry/,2026-07-30,verified,"地下有料駐車場163台・大型バス3台。搬入用平面駐車は計画調整制で来場者用台数へ合算しない。警備・整理員、飲食、物販、投擲・床養生、同時催事、連続利用は要確認"
OP-044,CAND-047,saga-main,JR佐賀駅,15,"JR佐賀駅から徒歩約15分。駅バスセンターから路線バス約5〜10分","佐賀空港から市営バスで佐賀駅バスセンター乗換。公式所要時間合計は未観測",,yes,"メインアリーナへ11tトラック直接乗入れ可能な搬入口2か所。イベント来場者用の施設駐車場は原則なく、駅周辺駐車・公共交通・催事別P&Rを利用",,,conditional,"予約開始、仮押さえ、連続利用、設営撤去時間、取消条件は公開ページ上で未観測。主催者専用窓口へ催事内容を提示して相談",conditional,conditional,"大型映像・音響・照明設備は常設。催事用インターネット回線の帯域・専有性・固定IP・冗長化・料金は公開ページ上で未観測","佐賀駅周辺・温泉地を含む宿泊室数、団体価格、送迎条件は未観測",https://saga-sunrisepark.com/sunrise-access/,https://saga-sunrisepark.com/organizer/,https://saga-sunrisepark.com/wp-content/uploads/2023/05/SAGA_ARENA_PF_web_20230501.pdf,2026-07-30,verified,"主会場3036㎡と練習・第二会場1800㎡を隣接確保できる可能性がある。料金用途、非営利適用、最小貸出単位、2会場同時予約、床養生、投擲、回線、警備、飲食物販は要確認"
OP-045,CAND-015,culport-large,とさでん交通 菜園場町停留所,3,"菜園場町停留所から徒歩約3分。はりまや橋停留所から徒歩約5分","高知龍馬空港から空港連絡バス約20分、はりまや橋観光バスターミナルから徒歩約1分",200,conditional,"地下有料駐車場200台・高さ2.1m。大型バス等は事前相談。大ホール搬入口は図面で確認できるが、車両寸法・台数・留置・床養生は要打合せ",12,,conditional,"両ホールと併用施設は1年前の月初から受付。3日以上の連続本番または四国大会以上の催事は個別相談。利用時間9:00〜22:00に準備・原状回復を含む",conditional,conditional,"館内Wi-Fiあり。催事用の上り帯域、専有性、固定IP、冗長化、利用区画、料金は公開ページ上で未観測","高知市中心部の宿泊室数・団体価格・終演後交通は未観測",https://www.bunkaplaza.or.jp/information/access/,https://www.bunkaplaza.or.jp/facility/halls/,https://www.bunkaplaza.or.jp/facility/halls/,2026-07-30,verified,"大ホール1085席と258.7㎡の可変小ホール、106.57㎡リハーサル室を同一館で組める。小ホールの競技利用・投擲、客席設営、冷暖房、警備、清掃、物販、飲食、催事回線は要確認"
OP-046,CAND-003,sendai-exhibition-all,仙台市地下鉄東西線 国際センター駅,,"国際センター駅に隣接。会議棟改修中は展示棟との通常動線に規制があり、屋外動線図に従う","仙台空港アクセス線で仙台駅へ移動後、地下鉄東西線へ乗換。公式ページ上の合計所要時間は未観測",,yes,"現時点で来場者駐車場なし。展示室搬出入口W5m×H5m、改修時動線図は大型車最大22台を示すが、催事時の留置・時間・誘導・床養生は要打合せ",18,7,conditional,"展示室は18か月前の2日から原則7日前まで受付。準備・レイアウト変更・本番・撤去・原状復帰を全て予約時間へ含める。連日利用でも鍵は毎日返却",conditional,conditional,"無料有線LAN、館内LAN、Wi-Fiと有料通信回線の選択肢あり。上り帯域、専有性、固定IP、冗長化、料金は申込内容ごとに確認","仙台駅・青葉山周辺の宿泊室数、団体価格、終演後交通は未観測",https://www.aobayama.jp/access/,https://www.aobayama.jp/organizer/use/application.html,https://www.aobayama.jp/closure.html,2026-07-30,verified,"会議棟は2025-04-20〜2027-10末、展示棟は2027-04-01〜10末に休館予定。展示棟は2027-03-31まで通常開館だが、工事騒音・動線・備品制限あり。開催可能日と会議棟併用不可を必ず確認"
OP-047,CAND-006,tokimesse-wave-all,JR新潟駅,25,"新潟駅から徒歩約25分、タクシー約5分、路線バス約15分で朱鷺メッセ停留所","新潟空港からタクシー約20分。空港リムジンバスは新潟駅までで、路線バス等へ乗換",1839,yes,"万代島共有有料駐車場A〜E合計1839台。大型車はBランプ下へ事前予約。展示ホールは45t以下の車両が直接進入でき、サービスヤードと床ピットを備える",24,,conditional,"展示ホール全面は24か月前、Aは18か月前、Bは12か月前。全館・国際会議は36か月前。仮押さえは原則2週間。開錠から施錠まで準備・撤去を含む",conditional,conditional,"公共空間の無料Wi-Fiは展示ホール内では使えず、有料プレミアムネットワークを14日前までに申請。上り帯域、専有性、固定IP、冗長化は要確認","同一複合内にホテル日航新潟。客室数、団体価格、深夜早朝動線は未観測",https://www.tokimesse.com/sp/visitor/contact/faq.html,https://www.tokimesse.com/sponsor/download/files/20240610_usage_hall.pdf,https://www.tokimesse.com/sponsor/guide/wavemarket.html,2026-07-30,verified,"7800㎡展示ホールと1133㎡メインホール、649㎡国際会議室、会議室、ホテルを一体利用できる。共有駐車1839台は催事専用枠ではない。入場料区分、投擲・床養生、吊物、警備、物販飲食、配信回線を要確認"
OP-048,CAND-032,ishikawa-hall4,JR金沢駅,,"金沢駅から北鉄バスで西部緑地公園または袋畠町西部緑地公園下車。タクシー約15分。北陸道金沢西ICから車約5分","小松空港からの公式所要時間・乗換・団体バス条件は未観測",3500,yes,"西部緑地公園内の共有駐車場約3500台。4号館は搬入口9か所、3号館は5か所。大型車の進入経路、荷降ろし後の留置、時間帯、床養生は要打合せ",12,,conditional,"産業目的の全面利用は12か月前、3・4号館半面は8か月前。産業外目的は全面6か月前、半面4か月前。利用時間に準備撤去を含み、準備撤去だけの料金は原則半額",conditional,conditional,"催事用インターネット回線の有無、帯域、専有性、固定IP、冗長化、料金は公式公開ページ上で未観測","金沢駅・市内宿泊施設の室数、団体価格、終演後交通は未観測",https://www.pref.ishikawa.lg.jp/tenjikan/gaiyou.html,https://ishikawa-odekake.jp/westpark/downloads/,https://ishikawa-odekake.jp/westpark/facilities/santen/,2026-07-30,verified,"駐車場は野球場・競技場・公園等との共有で催事専用枠ではない。入場料等を徴収する興行・音楽・スポーツ等の目的外使用は通常料金の2倍。開催目的区分、冷暖房実費、電気重油、警備、物販飲食、通信回線を要確認"
OP-049,CAND-049,kagoshima-main,JR鹿児島中央駅,,"鹿児島中央駅・天文館方面から西原商会アリーナ前または中草牟田方面の路線バスを公式アクセス図で案内。所要時間・運行頻度・終演後便は要確認","鹿児島空港から空港バスで鹿児島中央駅等へ移動後、路線バス・タクシーへ乗換。公式合計所要時間は未観測",224,yes,"通常来場者用は地下144台・地上80台。大型バス8台、マイクロバス14台。臨時多目的広場は有料で乗用車200台または大型バス30〜40台。特殊物件の搬入と搬入口・床動線の養生は事前承認",12,,conditional,"1年前の同月1日から10日間に仮予約し重複時抽選、その後先着。許可申請は6か月前から。利用時間に準備・片付けを含み、準備・リハーサル・撤去だけの区分は基本時間料金の40％",conditional,conditional,"公式パンフレットは館内無料Wi-Fiを案内するが、現在の範囲、上り帯域、専有性、固定IP、冗長化、催事利用可否は要確認","鹿児島中央駅・天文館周辺の宿泊室数、団体価格、終演後交通は未観測",https://nishihara-shokai-arena.jp/access,https://nishihara-shokai-arena.jp/facilities/mainarena,https://nishihara-shokai-arena.jp/organizer/turnover,2026-07-30,verified,"メイン4486㎡とサブ1008㎡を同一館で組める。国際・全国・九州規模のスポーツ大会やMICEは優先利用できる場合がある。両区画同時予約、ジャグリング・ヨーヨーの料金用途、床養生、投擲、搬入、警備、飲食物販、配信回線を要確認"
OP-050,CAND-011,okayama-event,JR岡山駅,3,"JR岡山駅新幹線乗降口・中央改札口から徒歩約3分","岡山桃太郎空港から岡山駅西口まで空港バス約40分、ノンストップ約30分。空港から車約30分",260,yes,"イベントホールはトラック搬入口へ直結。施設地下260台、隣接リットパーキング270台、近隣西口400台。地下駐車は高さ2.1m以下で大型搬入車用ではない",15,,conditional,"ホール全面は15か月前、半面は3か月前。国際会議・全国大会等でホールを含む利用は随時相談。仮予約は打合せ表提出後1週間、室料前納。設営撤去区分を別料金で設定",conditional,conditional,"催事用回線の有無、上り帯域、専有性、固定IP、冗長化、工事、料金は公式公開ページ上で未観測","ANAクラウンプラザホテル岡山が隣接し駅周辺に複数ホテル。室数、団体価格、深夜早朝動線は未観測",https://www.mamakari.net/access/,https://www.mamakari.net/flow/guide.php,https://www.mamakari.net/facility/eventhall.php,2026-07-30,verified,"595㎡イベントホールと745㎡可変コンベンションホール、展示・会議諸室を駅前で組める。両ホール同時予約、ジャグリング・ヨーヨーの利用目的、投擲・床養生、吊物、警備、物販飲食、配信回線を要確認"
OP-051,CAND-069,ryutopia-studio-b,新潟交通 市役所前バス停,5,"JR新潟駅から萬代橋ラインで15〜20分、市役所前下車徒歩5分",,,unknown,"スタジオBは4階。大型車、搬入口、荷物用エレベーターの現行条件は公開ページ上で未観測",,,conditional,"全日区分は9:00〜22:00。客席・舞台構成、附属設備、技術人員、準備撤去時間は事前打合せが必要",unknown,unknown,"催事用回線の有無、帯域、専有性、固定IP、冗長化、料金は未観測",,https://www.ryutopia.or.jp/traffic/access/,https://www.ryutopia.or.jp/rent/,https://www.ryutopia.or.jp/information/facility/studio-gallery/,2026-07-30,verified,"最大150席は構成により変動。競技利用、高投げ、床養生、物販、飲食、搬入を要確認"
OP-052,CAND-070,orbis-hall,JR・あいの風とやま鉄道 富山駅,5,"富山駅から徒歩5分、富山地方鉄道富山駅のすぐ隣","富山空港から車30〜40分",,conditional,"ホールはマリエとやま7階。搬入用エレベーターは扉幅1.0m×高さ2.1mの経路例を公式図で案内。大型物の寸法・時間帯は要相談",12,,conditional,"利用希望日の1年前の月末に抽選受付。利用時間9:00〜22:00へ準備・後片付けを含む。利用料は前納",conditional,conditional,"デジタル配信設備セットは有料。インターネット回線の帯域・専有性・固定IP・冗長化は未観測","同一建物・富山駅周辺の宿泊室数、団体料金、深夜早朝搬入は未観測",https://www.bunka-toyama.jp/orbis/access/index.html,https://www.bunka-toyama.jp/orbis/use-reservation/index.html,https://www.bunka-toyama.jp/orbis/facilityguide/index.html,2026-07-30,verified,"近隣のタイムズマリエとやま駐車場は約340台だが劇場専用・敷地内ではないため駐車台数欄は未入力。2026年公表の料金改定後適用額を要確認"
OP-053,CAND-071,sainotsuno-theater,上田駅,10,"北陸新幹線・しなの鉄道・別所線の上田駅から徒歩10分",,,unknown,"公式図面の北口扉は幅1.53m×高さ2.15m。大型車の停車、荷降ろし、道路使用、館内養生は要確認",,,conditional,"1日貸切は10:00〜22:00。通常のカフェ家具から開始し、利用後に現状復帰。音響・照明・舞台設備利用時は管理スタッフ費が別途",conditional,conditional,"催事用回線の有無、帯域、専有性、固定IP、冗長化、料金は未観測","同一施設のゲストハウスは最大12名。公演関係者枠、団体料金、キャンセル条件は別途確認",https://sainotsuno.org/theatre/,https://sainotsuno.org/theatre/,https://sainotsuno.org/wp/wp-content/uploads/2025/10/13ad159531a4230e0c240d878ea03c24.pdf,2026-07-30,verified,"イベント来場者用駐車は台数が限られ、近隣駐車場利用を公式案内。収容、競技利用、高投げ、床養生、物販を要確認"
OP-054,CAND-072,nanjare-stage,名古屋市営地下鉄 亀島駅,6,"亀島駅から徒歩6分、名古屋駅から徒歩10分",,,unknown,"4階舞台・客席への搬入出は利用者責任。車両駐車、階段・開口寸法、大型物の搬入可否は要確認",,,yes,"一日利用は予約開始日の制限なし。利用時間は準備・片付けを含み、全て原状復帰。時間利用は3か月前から",conditional,conditional,"催事用回線の有無、帯域、専有性、固定IP、冗長化、料金は未観測","名古屋駅周辺の宿泊室数、団体料金、深夜早朝動線は未観測",https://www.nanjare-nagoya.com/,https://www.nanjare-nagoya.com/service/price/,https://www.nanjare-nagoya.com/service/equipment/,2026-07-30,verified,"駐車場なし、全館土足禁止、完全防音ではない。公演図面は利用約1週間前を目安に提出。競技利用、高投げ、床養生、観客定員は要確認"
OP-055,CAND-073,shiinomi-theater,,,,,50,unknown,"搬入口・大型車両・荷降ろし動線の公開寸法は未観測。無料駐車場50台、本番日は劇場横に関係者車両3台まで",,,conditional,"貸館可能時間9:00〜22:00。利用6か月前までに申請書を提出し、2〜3週間前までに舞台・照明・音響・進行を打合せ",conditional,conditional,"催事用回線の有無、帯域、専有性、固定IP、冗長化、料金は未観測","劇場周辺は食事場所が少ないと公式注意あり。松江市内宿泊、送迎、終演後交通は要確認",https://forest.ashibue.jp/theater,https://forest.ashibue.jp/theater/14,https://forest.ashibue.jp/theater/27,2026-07-30,verified,"劇場専門スタッフ2700円/時が必須。冷暖房・照明・音響も時間料金。通常客席108、補助席込み消防上最大132人"
OP-056,CAND-074,theater-nest,伊予鉄横河原線 見奈良駅,6,"見奈良駅から徒歩6分、松山市駅から所要約25分","松山空港から車約50分",,unknown,"レスパスシティ／クールスモール2階。搬入口、エレベーター、大型車停車、館内養生の条件は公開ページ上で未観測",,,conditional,"公式全日区分は10:00〜23:00。22〜23時は22時までの利用者のみ延長可能。準備・撤去・技術打合せ条件は要確認",conditional,conditional,"催事用回線の有無、帯域、専有性、固定IP、冗長化、料金は未観測","東温市・松山市の宿泊室数、団体料金、終演後交通は未観測",https://art-village-toon.jp/access/,https://art-village-toon.jp/facility/theater/,https://art-village-toon.jp/facility/theater/,2026-07-30,verified,"客席・舞台面積の公式表に不整合があるため面積は未入力。競技利用、高投げ、物販、飲食、駐車、技術人員を要確認"
OP-057,CAND-035,nagara-main-hall,JR岐阜駅,,"JR岐阜駅から岐阜バス三田洞線で長良川国際会議場前下車・徒歩1分（公式案内はJR岐阜からバス約20分）","中部国際空港から名鉄岐阜駅まで公式案内で約55分。会議場までの接続所要時間は別途確認",,unknown,"大型車・搬入口・荷降ろし・養生の公開寸法と条件は未観測",,7,conditional,"利用区分には準備・撤去を含み、連続7日間まで。使用日の1か月前までに会議場担当者と詳細打合せ。催し物終了後は現状復帰",conditional,conditional,"事前申込のVDSL接続サービスは1回線1区分1410円、1日4230円。帯域・専有性・固定IP・冗長化は未観測","会議場は岐阜都ホテルに隣接。客室数・団体料金・宿泊枠は未観測",https://www.city.gifu.lg.jp/kankoubunka/kankou/1005142/1010716.html,https://www.g-ncc.jp/organizer/usage/guidance-precaution/,https://www.g-ncc.jp/organizer/usage/guidance-precaution/,2026-08-02,verified,"メインホール受付は、国際的会議・大会は3年前、東海地区規模以上は2年前、それ以外は1年前の各月初から。物品・飲食物の販売・提供は許可なく不可。別管理の岐阜メモリアルセンターとの同時予約可否は未確認"
OP-058,CAND-035,gmc-deai-dome,,,,,,unknown,"大型車・搬入口・荷降ろし・養生の公開寸法と条件は未観測",3,,conditional,"仮借用受付は利用日の3か月前から。連続2日以上は最初の利用日の3か月前から。規模の大きい行事は利用日の約1か月前に施設担当者との打合せを要請",,,"催事用回線の有無、帯域、専有性、固定IP、冗長化、料金は未観測","宿泊室数・団体料金・終演後交通は未観測",https://gifu-sports.org/gmc/access/,https://gifu-sports.org/gmc/riyoinfo/,https://gifu-sports.org/gmc/riyoinfo/,2026-08-02,verified,"岐阜メモリアルセンターは別指定管理者。駐車場予約は不可で、公式は収容台数が十分でないため公共交通機関利用を案内。で愛ドームとふれ愛ドームの同時確保は公開情報からは確認できない。料金は付属設備別途精算"
OP-059,CAND-037,saori-main,近鉄津新町駅,,"近鉄津新町駅からサオリーナ前バス停まで約8分。JR・近鉄津駅からサオリーナ前までは約25分",,1848,yes,"メインアリーナ・メッセ展示場は公式施設案内で車輌搬入可能とする。搬入口寸法、留置、養生、導線は未観測",36,,conditional,"全国・県規模、入場料徴収、国県市主催でメインアリーナ全体を使用する事業は36か月前の月初から。他は24・12・6か月前の別区分。準備・撤去・掃除と搬入出は予約時間内に完了",conditional,,unknown,"宿泊室数・団体料金・終演後交通は未観測",https://www.info.city.tsu.mie.jp/shisetsu/sonotanoshisetsu/1004451.html,https://shisetsu.mizuno.jp/m-7138/guide,https://shisetsu.mizuno.jp/m-7138/guide,2026-08-02,verified,"施設予約には事前の総合受付ID登録が必要。一般予約は6か月先まで、使用日2週間以内の予約は窓口または電話（ID登録済み者）で受け付け。予約後2週間以内に現金で支払い。取消料は90〜61日前40%、60〜31日前50%、30日前〜当日100%。3棟同時予約、投擲、床養生、物販、催事回線は要確認"
OP-060,CAND-075,kitayell-main,札幌市営地下鉄東豊線 豊平公園駅,,"豊平公園駅下車後、地下連絡通路で直結。観覧・観戦者には駐車場を用意せず、公共交通機関利用を公式案内","新千歳空港からJR北海道で札幌駅、札幌市営地下鉄東豊線で豊平公園駅へ乗換後、地下連絡通路",180,unknown,"大型車・搬入口・荷降ろし・養生の公開寸法と条件は未観測",,,conditional,"利用時間は準備・撤去・清掃（原状回復）を含む。国際行事は利用年度の3年度前、全国行事は前々年度、全道行事は前年度、その他行事も前年度の公式受付期間がある",conditional,conditional,unknown,"宿泊室数・団体料金・終演後交通は未観測",https://www.kitayell.jp/access/,https://www.kitayell.jp/use/howto/,https://www.kitayell.jp/use/howto/,2026-08-03,verified,"駐車場は第1 50台・第2 130台を施設概要に掲載する一方、アクセス案内は観覧・観戦者用の駐車場はなく指定車両のみ駐車可能とする。入場料を徴収する大会・イベントはメインアリーナのみ可能。飲食または営利目的の物品販売を主目的とする行事は承認しない。投擲、同時利用、催事回線は要確認"
OP-061,CAND-076,ys-arena-main,,,,,608,unknown,"資材搬入口1箇所は縦3.7m×横6m。大型車の乗入れ・留置・養生導線・床荷重は未観測",,8,unknown,"国際・全国競技会の貸切使用は使用日の18か月前から8日前まで、その他イベントは3か月前から8日前までに許可申請。イベント概要・図面は1か月前までに提出。アリーナ利用時は床養生が必要で費用は使用者負担",unknown,unknown,unknown,"宿泊室数・団体料金・終演後交通は未観測",https://www.city.hachinohe.aomori.jp/shisetsuannai/bunka_sports/okunaiskatezyou/18796.html,https://www.city.hachinohe.aomori.jp/soshikikarasagasu/naganeokunaiskatejo/bunka_sports/2/14957.html,https://www.city.hachinohe.aomori.jp/soshikikarasagasu/naganeokunaiskatejo/bunka_sports/2/14957.html,2026-08-03,verified,"駐車場は普通車600台・車いす用8台に加え大型バス6台。アリーナ全面使用は3月中旬から6月中旬、8月から3月上旬はリンク内側フィールドと観客席のみ使用可能。予約の空き状況は事前確認が必要。投擲、物販、飲食、催事回線、同時利用は要確認"
OP-062,CAND-077,takaya-main,,,,,476,unknown,"大型車・搬入口・荷降ろし・養生の公開寸法と条件は未観測",12,,unknown,"利用日の初日が属する月の1年前の1日（1月は2日）から予約受付。全国大会・興行等は期間外予約も受付可能。原則として利用予定日の2か月前までに本申込。準備・撤去の利用料区分と時間外の実質貸切扱いを公式規程に記載",unknown,unknown,unknown,"宿泊室数・団体料金・終演後交通は未観測",https://www.city.morioka.iwate.jp/shisetsu/sports/gim/1006882.html,https://morioka-sport.or.jp/facility/arena/,https://morioka-sport.or.jp/wp/wp-content/uploads/2025/06/%E7%9B%9B%E5%B2%A1%E5%B8%82%E7%B7%8F%E5%90%88%E3%82%A2%E3%83%AA%E3%83%BC%E3%83%8A%E5%88%A9%E7%94%A8%E8%A6%8F%E7%A8%8B%EF%BC%88HP%E7%94%A8%EF%BC%89.pdf,2026-08-03,verified,"駐車場は476台（車いす用9台）だが、市公式は大きなイベント・大会時に駐車できない場合があるため公共交通利用を案内。盛岡駅からバスで総合アリーナ前へ約11分、タクシー約10分。大会・催事のキャンセル期限は利用予定日の2か月前。入場料徴収または営業宣伝目的の催しはアリーナ利用料が料金表の1.5倍。投擲、物販、飲食、催事回線、同時利用は要確認"
OP-063,CAND-024,bigwing-exhibition-all,,,,,1020,unknown,"大型車・搬入口・荷降ろし・養生の公開寸法と条件は未観測",12,14,unknown,"使用開始日の1年前の午前8時30分から受付。空き状況確認後に利用確認書、使用許可申請書を提出。施設使用料は前納で、予約金20％を請求書発行から30日以内、残金を使用日の14日前までに納入。使用後は原状回復",unknown,unknown,unknown,"公式は利用時間24時間可能とするが、宿泊室数・団体料金・終演後交通は未観測",https://www.convention.or.jp/bigwing/riyou/index.html,https://www.convention.or.jp/bigwing/riyou/index.html,https://www.convention.or.jp/bigwing/riyou/index.html,2026-08-03,verified,"無料駐車場は普通車1,000台・大型車20台（ほか臨時約230台）で、候補比較欄には通常分1,020台を記録。全国大会・東北大会・大規模利用は別途問い合わせを公式案内。施設変更・取消は使用日の14日前まで。搬入、投擲、物販飲食、催事回線、全区画同時利用は要確認"
OP-064,CAND-078,seiren-main,,,,,,unknown,"大型車・搬入口・荷降ろし・養生の公開寸法と条件は未観測",2,7,unknown,"予約サービスは希望日の2か月前8時30分から7日前17時まで。利用日の7日前までに支払い、未払いは6日前に自動キャンセル。大会等の備品・ラインテープの取扱いは公式注意事項を確認",unknown,unknown,yes,"宿泊室数・団体料金・終演後交通は未観測",https://www.pref.fukui.lg.jp/doc/undoukouen/taiikukan.html,https://www.pref.fukui.lg.jp/doc/undoukouen/taiikukan.html,https://www.pref.fukui.lg.jp/doc/undoukouen/taiikukan.html,2026-08-03,verified,"メイン・サブアリーナ、多目的室、会議室、控室は予約制。利用日6日以内は窓口受付。電話予約は不可。無料Wi-Fiを公式掲載するが、催事用帯域・専有性・固定IP・冗長化は未観測。大会開催による利用制限がある場合がある。投擲、物販、飲食、同時利用は要確認"
OP-065,CAND-079,sundome-main,ハピラインふくい 鯖江駅,15,"鯖江駅から徒歩約15分。福井鉄道サンドーム西駅（上鯖江）からも徒歩約15分","小松空港から連絡バスとハピライン利用で約1時間20分",,unknown,"大型車・搬入口・荷降ろし・養生の公開寸法と条件は未観測",,,unknown,"利用料金は県内・県外事業者、利用目的、入場料、準備・撤去で異なる。具体的な予約開始、利用可能日、設営撤去、連続利用は公式公開ページから未観測",unknown,unknown,unknown,"宿泊室数・団体料金・終演後交通は未観測",https://www.manabi.pref.fukui.jp/manabi/shisetsu/22952.html,,https://sundome.sankan.jp/price-main-2/,2026-08-03,verified,"公式はイベントホール棟を展示会、見本市、コンベンション、コンサート、スポーツ競技に利用可能と案内。投擲、物販、飲食、催事回線、同時利用、駐車台数は要確認"
OP-066,CAND-080,sun-main,,,"公式アクセスページは施設所在地・営業時間を掲載するが、最寄駅からの所要時間は未観測",,,unknown,"大型車・搬入口・荷降ろし・養生の公開寸法と条件は未観測",12,20,conditional,"メインアリーナ全面は利用開始日の1年前から20日前まで申込受付、予約は3年前から3月前まで。利用計画書・会場レイアウト図は利用開始日の1月前まで提出。準備・撤去時間は施設利用料金の50％",conditional,unknown,unknown,"宿泊室数・団体料金・終演後交通は未観測",https://sun-arena.or.jp/?page_id=46,https://sun-arena.or.jp/?page_id=267,https://sun-arena.or.jp/?page_id=462,2026-08-03,verified,"通常営業時間は9時から21時、時間外利用は要相談。施設利用許可書の交付で利用権が確定。有料で飲食物を調理・提供する場合は出店者ごとに保健所への提出が必要。物販、投擲、催事回線、同時利用、駐車台数は要確認"
OP-067,CAND-081,skyexpo-hall-a,中部国際空港駅,5,"中部国際空港セントレアから徒歩5分。名鉄名古屋駅から中部国際空港駅までミュースカイで最速28分","中部国際空港セントレアから徒歩5分",3447,conditional,"展示ホールAは搬出入口2箇所（各W8.9m×H5.0m）。B〜Fは公式の搬出入口寸法を施設案内に掲載。多目的利用地Aの①②は大型車対応スペース",18,,unknown,"利用照会後、利用許可申請書の受理日翌日から原則14日以内に可否連絡。利用料金は前納で、利用開始3か月前までに100%支払い。利用計画打合せ・付帯設備申込・催物開催届等が必要",conditional,unknown,unknown,"宿泊室数・団体料金・終演後交通は未観測",https://www.aichiskyexpo.com/access/,https://www.aichiskyexpo.com/en/organizer-top-en/contact-foruse/,https://www.aichiskyexpo.com/organizer-top/useflow/,2026-08-03,verified,"主催者向け公式ページは駐車場3,447台を掲載。展示ホールは複数主催者による分割利用を原則不可。飲食行為は保健所への催物開催届が必要。投擲、物販、専有回線、同時利用、空き状況は要確認"
OP-068,CAND-082,kagawa-main,JR高松駅,4,"JR高松駅から徒歩約4分（300m）。ことでん高松築港駅・バスターミナルからも徒歩約4分","高松空港からJR高松駅行きリムジンバス約45分、降車後徒歩約4分。空港からタクシー約40分",100,unknown,"大型車・搬入口・荷降ろし・養生の公開寸法は未観測。利用開始日の1か月前までに利用計画書、レイアウト図、工事図面、搬入出方法等を打合せで提出",18,,conditional,"メインアリーナ一般全面は利用月の18か月前の月初から先着順。分割は6か月前の月初から。準備又は撤去は施設利用料金の2分の1で、利用開始1か月前までに打合せが必要",conditional,conditional,unknown,"宿泊室数・団体料金・終演後交通は未観測",https://kagawa-arena.com/access/,https://kagawa-arena.com/wp-content/uploads/2024/08/%E5%88%A9%E7%94%A8%E3%81%AE%E6%89%8B%E5%BC%95%E3%81%8D.pdf,https://kagawa-arena.com/wp-content/uploads/2024/08/%E5%88%A9%E7%94%A8%E3%81%AE%E6%89%8B%E5%BC%95%E3%81%8D.pdf,2026-08-04,verified,"メイン・サブ・武道施設のいずれかを全面利用し6時間を超える場合、100台の駐車場全部又は一部を専用利用可能。飲食は可能だが木製床面での食事は禁止。無断物販は禁止で、食品販売・臨時営業には保健所の申請等が必要。投擲、専有回線、同時利用、空き状況は要確認"
OP-069,CAND-083,happiness-arena,長崎駅,10,"JR長崎駅から徒歩約10分。長崎駅前から銭座町・長崎スタジアムシティバス停まで約5分、徒歩約3分","長崎空港からの詳細所要時間は公式アクセスページの図示を確認できるが、テキストとしての分単位所要時間は未観測",1100,unknown,"大型車・搬入口・荷降ろし・養生の公開寸法と条件は未観測",,,unknown,"主催者向けの外部貸出料金、予約開始、支払・取消、設営撤去、連続利用の公式公開条件は未観測",unknown,unknown,conditional,"同一敷地のSTADIUM CITY HOTEL NAGASAKIは243室。団体料金・終演後交通は未観測",https://www.nagasakistadiumcity.com/access/,,https://www.nagasakistadiumcity.com/project_outline/,2026-08-04,verified,"駐車約1,100台は長崎スタジアムシティ全体の公式掲載値で、アリーナ専用台数として扱わない。イベント開催時は公共交通機関利用を公式が案内。投擲、飲食、物販、専有回線、同時利用、空き状況は要確認"
OP-070,CAND-084,ariake-main,有明テニスの森駅,8,"ゆりかもめ有明テニスの森駅・新豊洲駅から各徒歩約8分。りんかい線国際展示場駅・東雲駅から各徒歩約17分","空港からの公式分単位所要時間は未観測",,unknown,"大型車・搬入口・荷降ろし・養生の公開寸法と条件は未観測",12,,conditional,"2027年7月から12月利用分は2026年7月1日から15日に受付した公式告知を確認。メインアリーナは予約金50%を請求日から1週間以内、残額を利用開始6か月前までに納入する案内がある。料金・取消条件のPDFは2022年5月現在で変更可能性を明記するため、現行性は要確認",unknown,conditional,conditional,"宿泊室数・団体料金・終演後交通は未観測",https://ariake-arena.tokyo/access/,https://ariake-arena.tokyo/author/ariake_spc/,https://ariake-arena.tokyo/wp-content/themes/ariake-arena/assets/images/page/riyoannai_202206.pdf,2026-08-04,verified,"イベント来場者向け駐車場はないと公式FAQが明記し、サブアリーナ等利用者向け33台を案内。メインアリーナの主催者側関係者70台を基本料金に含むとの料金PDFもあるが、同PDFは2022年5月現在のため駐車台数へ採用しない。公開Wi-Fiは座席・コンコース等で利用可能だがベストエフォートで催事専有回線は要確認。物販はエリア制限があり事前問い合わせが必要"
OP-071,CAND-085,osakajo-main,大阪城公園駅,5,"JR大阪環状線大阪城公園駅から徒歩5分。大阪メトロ長堀鶴見緑地線大阪ビジネスパーク駅から徒歩5分","空港からの公式分単位所要時間は未観測",,unknown,"搬入出を含む作業・車両通行には、必要に応じて制服警備員配置が必要。大型車・搬入口・荷降ろし・養生の公開寸法は未観測",12,,unknown,"利用日の1年前から利用申込を受付。利用料金は請求書の指定期日までに振込。利用予定日の2週間前を目安に打合せ。搬入・搬出を含む損害賠償責任・保険加入は利用者側負担",conditional,conditional,conditional,"宿泊室数・団体料金・終演後交通は未観測",https://www.osaka-johall.com/access/,https://www.osaka-johall.com/organizer/arena/,https://www.osaka-johall.com/organizer/arena/,2026-08-04,verified,"主催者等関係者用のみの駐車場があるが、来場者向け駐車場はないと公式掲載。アリーナ・スタンド内飲食は禁止でロビーで可。玄関エリアのパンフレット・グッズ販売は事前許可が必要。公式料金表にWi-Fi、光回線（西口常設2回線）、TV・インターネット中継の有料利用区分を掲載。投擲、同時利用、空き状況は要確認"
OP-072,CAND-086,yokohama-main,新横浜駅,4,"横浜市営地下鉄ブルーライン、相鉄新横浜線、東急新横浜線の新横浜駅出口7・8から徒歩4分。JR横浜線北口・東海道新幹線東口から徒歩5分","羽田空港・成田空港からの公式案内は図示を確認できるが、テキストとしての分単位所要時間は未観測",72,unknown,"大型エレベーター及びリフトによる重量物搬出入が可能。大型車・搬入口・荷降ろし・養生の公開寸法は未観測",12,,unknown,"利用予定日の1年前から申込受付。基本使用料50%を請求書に基づき支払い、残金は利用予定日の6か月前に請求。全額入金・利用申込承認書の発行で利用確定。付帯使用料は利用予定日の15日前までに支払い",unknown,unknown,conditional,"宿泊室数・団体料金・終演後交通は未観測",https://www.yokohama-arena.co.jp/access/,https://www.yokohama-arena.co.jp/organizer/use/,https://www.yokohama-arena.co.jp/organizer/equipment/,2026-08-04,verified,"主催者向け施設概要は敷地内72台の駐車場を掲載する一方、来場者向けアクセスは駐車場・駐輪場の用意がないとして公共交通利用を案内するため、72台は来場者向け台数として扱わない。全館Wi-FiとLANコンセントを公式掲載するが、演出用光回線は主催者側で臨時工事を手配し事前承認が必要。投擲、飲食、物販、同時利用、空き状況は要確認"
OP-073,CAND-087,saitama-main,さいたま新都心駅,3,"JR京浜東北線・上野東京ライン（宇都宮線・高崎線）のさいたま新都心駅から徒歩3分。JR埼京線北与野駅から徒歩7分","空港からの公式案内は図示と外部交通リンクを確認できるが、テキストとしての分単位所要時間は未観測",35,conditional,"主催者用搬入口は車両乗入れ可能な8箇所、サイズは高さ2,500〜4,200mm×幅6,000〜7,850mm。車両乗入れ時は床養生が必要",13,,conditional,"利用予定日の13か月前から予約審査。利用許可後に基本料金50%の支払いを案内。基本施設料金は0時から24時の間の連続12時間を1単位とし、原状復帰時間を含む",unknown,unknown,conditional,"宿泊室数・団体料金・終演後交通は未観測",https://www.saitama-arena.co.jp/access/train.html,https://www.saitama-arena.co.jp/business/outlook_of_use/pdf/terms.pdf,https://www.saitama-arena.co.jp/business/layout_sizes/well_supported_facilities/,2026-08-04,verified,"2026年1月中旬から2027年3月末まで改修休館のため、大規模イベント向けのスタジアム・メインアリーナ・コミュニティアリーナは利用不可。2027年4月以降は問い合わせ受付。主催者向け地下関係者駐車場35台を公式掲載するが、工事中の駐車場利用可否・一般駐車台数は要確認。メインアリーナとコミュニティアリーナの同時利用は公式掲載。投擲、飲食、物販、空き状況は要確認"
OP-074,CAND-088,kobe-world-main,市民広場駅,3,"ポートライナー市民広場駅が最寄りで、駅からホールまで徒歩約3分。三宮駅から市民広場駅まではポートライナーで約10分","神戸空港からポートライナー市民広場駅下車で約8分と公式施設概要に掲載。大阪（伊丹）国際空港約55分、関西国際空港約80分",,unknown,"大型車・搬入口・荷降ろし・養生の公開寸法と条件は未観測",12,,conditional,"利用希望日の1年前から申込み受付。定例催事は3年以上の継続実績があれば3年先年末まで受付。使用許可後に一時金50%、残金50%を支払い、使用日2週間前までを目安に打合せ。取消は使用日の6か月前まで50%、以後100%",unknown,conditional,unknown,"公式主催者ページはホテル・会議場・展示場が徒歩5分圏内に隣接と案内するが、宿泊室数・団体料金は未観測",https://www.kobe-spokyo.jp/world-kobe/access_guide2,https://www.kobe-spokyo.jp/worldsp-kobe/riyou/moushikomi,https://www.kobe-spokyo.jp/worldsp-kobe/riyou/moushikomi,2026-08-04,verified,"公式料金ページは物品販売等の行為使用料を掲載し、録画・録音・中継や宣伝行為は申請が必要とする。物販はconditional、専有回線は未観測。投擲、同時利用、空き状況は要確認。2027年4月1日からホール使用料改定予定"
OP-075,CAND-089,hiroshima-main,県庁前駅,,"アストラムライン県庁前駅（西2出口＜基町クレド側＞）、路面電車紙屋町西駅、バス紙屋町又はバスセンターが公式案内の最寄り交通","空港からの分単位所要時間は未観測",,unknown,"大型車・搬入口・荷降ろし・養生の公開寸法と条件は未観測",,,conditional,"主催者向け専用利用は年間利用調整と先着順受付の手続を公式掲載。利用計画書は利用日の1か月前までに提出し、利用日までに料金を支払う。利用内容の事前打合せを案内",unknown,unknown,conditional,"宿泊室数・団体料金・終演後交通は未観測",https://h-jigyoudan.or.jp/sports-center/center-facility/,https://h-jigyoudan.or.jp/sports-center/center-guide/use-reserve/,https://h-jigyoudan.or.jp/sports-center/center-guide/use-reserve/,2026-08-04,verified,"大アリーナのWi-Fiスポット設置は公式掲載するが、催事専有回線の条件は未観測。投擲、飲食、物販、同時利用、空き状況は要確認"
OP-076,CAND-090,xebio-main,長町駅,5,"JR長町駅・地下鉄南北線長町駅から徒歩5分と公式案内。仙台駅からの公共交通案内を掲載","仙台空港からの公式案内は図示を確認できるが、テキストとしての分単位所要時間は未観測",0,unknown,"大型車・搬入口・荷降ろし・養生の公開寸法と条件は未観測",24,,conditional,"現行主催者向け申込フローは利用月24か月前の1日から受付。申込受理で日程確保、基本料金30%を申込受理から3か月以内、残り70%を利用日の6か月前までに支払い、全額入金後に利用許可証で予約確定。利用月1か月前までに利用詳細を確認",conditional,conditional,conditional,"宿泊室数・団体料金・終演後交通は未観測",https://www.xebioarena.com/access/,https://www.xebioarena.com/wp-content/uploads/2025/06/%E3%80%90%E6%9C%80%E7%B5%82%E7%89%88%E3%80%91%E7%94%B3%E8%BE%BC%E6%89%8B%E7%B6%9A%E3%81%8D%E3%81%AB%E3%81%A4%E3%81%84%E3%81%A6.pdf,https://www.xebioarena.com/ice-link/term/,2026-08-04,verified,"公式アクセスは駐車場なしと明記。利用規程では物販・飲食提供は手数料負担のうえ利用開始日1か月前までの相談を案内し、撮影・中継・収録は事前届出・承認が必要。外線電話は臨時回線を別途用意する案内で、専有回線の性能・条件は未観測。投擲、同時利用、空き状況は要確認"
OP-077,CAND-091,okinawa-main,,,"公共交通の路線・所要時間は公式アクセスページの図示を確認できるが、テキストとしての最寄駅・徒歩分数は未観測","那覇空港は会場20km圏内と公式掲載するが、分単位所要時間は未観測",,conditional,"大型車・搬入口・荷降ろし・養生の公開寸法と条件は未観測",,,unknown,"沖縄市の施設案内は基本利用時間を10時から22時までの12時間とし、時間外利用は書面の事前申請・承認が必要とする。主催者向けの予約開始、支払、取消条件は未観測",unknown,unknown,unknown,"公式アクセスは西海岸リゾートエリアの主要ホテルを列挙するが、宿泊室数・団体料金・終演後交通は未観測",https://okinawa-arena.jp/access,https://www.city.okinawa.okinawa.jp/k009/shiseijouhou/gaiyou/shisetsu/shisetsuannai/sportsshisetsu/1093.html,https://okinawa-arena.jp/organizer,2026-08-04,verified,"公式アクセスはシャトルバス運行がイベントごとに異なると案内し、道路混雑・土日祝のバス運行本数にも注意を促す。主催者向け公式サイトは搬入・駐車場設備案内への入口を掲載するが、この波では詳細数値を未確認。投擲、飲食、物販、同時利用、空き状況は要確認"
OP-078,CAND-092,lala-main,南船橋駅,6,"JR京葉線・武蔵野線の南船橋駅から徒歩6分。京成本線の船橋競馬場駅から徒歩16分と公式案内","羽田空港・成田空港からの経路は公式アクセスページで図示するが、テキストとしての分単位所要時間は未観測",0,unknown,"大型車・搬入口・荷降ろし・養生の公開寸法と条件は未観測",,,conditional,"公式料金表は基本利用時間を8:00から23:00内の連続する12時間とし、準備・撤去・一般来場者および関係者の退館までを含む。主催者向けの予約開始、支払、取消条件は未観測",unknown,conditional,unknown,"宿泊室数・団体料金・終演後交通は未観測",https://lalaarenatokyo-bay.com/access/,https://lalaarenatokyo-bay.com/organizer/,https://lalaarenatokyo-bay.com/wp-content/uploads/2025/07/ea0b47857713c6e7173afd3ab81358c9.pdf,2026-08-04,verified,"公式アクセスは会場に駐車場・駐輪場がないと明記。公式料金表はサブアリーナの物販等利用を条件付きで掲載するが、メインアリーナの物販・飲食・専有回線、投擲、同時利用、空き状況は要確認"
OP-079,CAND-093,ig-main,名城公園駅,0,"名古屋市営地下鉄名城線の名城公園駅より徒歩約0分。浄心駅から徒歩約18分と公式案内","中部国際空港セントレアから名古屋鉄道で約30分、名古屋駅から最寄り駅まで地下鉄で約15分と公式案内",0,unknown,"大型車・搬入口・荷降ろし・養生の公開寸法と条件は未観測",12,,conditional,"興行利用のメイン・サブアリーナは原則利用予定日の1年前から申込受付。興行利用は直接問合せで、基本料金は利用許可申請書提出から30日以内に30%、利用開始180日前までに30%、90日前までに40%を支払う。キャンセル料は支払後から180日前の前日まで30%、180日前から90日前の前日まで60%、90日前以降100%",unknown,unknown,unknown,"宿泊室数・団体料金・終演後交通は未観測",https://www.ig-arena.jp/access/,https://www.ig-arena.jp/eventuse/005/,https://www.ig-arena.jp/uploads/2026/03/riyouannai_260301.pdf,2026-08-04,verified,"公式FAQは一般来場者向け駐車場なしと明記し、障害者等用駐車場は公演により主催者確認とする。サブアリーナの関係者駐車場は要相談。投擲、飲食・物販の主催者条件、専有回線、同時利用、空き状況は要確認"
OP-080,CAND-094,pia-main,みなとみらい駅,7,"みなとみらい線のみなとみらい駅1番出口から徒歩7分。新高島駅2番出口から徒歩8分、JR桜木町駅東口（北改札）から徒歩7分と公式案内","空港からの公式分単位所要時間は未観測",0,conditional,"首都高速側裏通りから進入出し、アリーナ面直結・エンドステージ真後ろに屋内荷捌きスペース（天井高5.8m、ウィング跳ね上げ可能）と公式掲載",,,conditional,"公式料金表は基本利用時間を8:00から23:00内の連続12時間とし、準備・撤去・全関係者の入退館を含む。早朝深夜延長は入替等により断られる場合がある。主催者向け予約開始、支払、取消条件は未観測",conditional,unknown,conditional,"みなとみらい地区の宿泊室数・団体料金・終演後交通は未観測",https://pia-arena-mm.jp/access/,https://pia-arena-mm.jp/facility/index.html,https://pia-arena-mm.jp/assets/images/facility/facility_summary.pdf,2026-08-04,verified,"公式アクセスは会場に駐車場・駐輪場なしと明記する一方、公式会場紹介は主催者等関係者用駐車場を掲載するため、一般来場者の台数は0、関係者用はconditionalで記録。公式施設資料は放送中継端子盤と館内カメラ設置可能14か所を掲載するが、専有回線性能・主催者物販・投擲・同時利用・空き状況は要確認"
OP-081,CAND-095,toyota-main,青海駅,4,"ゆりかもめ青海駅から徒歩4分。りんかい線東京テレポート駅から徒歩5分と公式案内","羽田空港から電車で約40分、成田空港から電車で約100分と公式案内",0,unknown,"大型車・搬入口・荷降ろし・養生の公開寸法と条件は未観測",,,unknown,"主催者向け公式ページは施設利用の問い合わせ導線を公開するが、予約開始、支払、取消、準備・撤去の現行条件は未観測",unknown,unknown,unknown,"宿泊室数・団体料金・終演後交通は未観測",https://www.toyota-arena-tokyo.jp/access/,https://www.toyota-arena-tokyo.jp/organizer/,https://www.toyota-arena-tokyo.jp/organizer/,2026-08-04,verified,"公式アクセスは一般来場者用駐車場なしと明記。主催者向けダウンロード資料はパスワード制のため、料金、搬入、ネットワーク、飲食・物販、投擲、同時利用、空き状況は要確認"
OP-082,CAND-097,buntai-main,伊勢佐木長者町駅,4,"横浜市営地下鉄伊勢佐木長者町駅から徒歩4分。JR京浜東北・根岸線関内駅南口から徒歩6分、横浜市営地下鉄関内駅から徒歩8分と公式案内","空港からの公式分単位所要時間は未観測",,unknown,"大型車・搬入口・荷降ろし・養生の公開寸法と条件は未観測",36,,conditional,"国際大会・全国大会・スポーツリーグ・興行等の専有利用は3年前から優先受付、その他アリーナ利用は1年前から受付。主催者は設営から撤去までの安全確保が必要。予約金50%を請求書発行後1か月以内、残金を利用開始6か月前までに入金と公式資料に掲載",conditional,conditional,conditional,"宿泊室数・団体料金・終演後交通は未観測",https://yokohama-buntai.jp/,https://yokohama-buntai.jp/organizer/,https://yokohama-buntai.jp/wp-includes/file/pdf/%E6%A8%AA%E6%B5%9CBUNTAI%E5%88%A9%E7%94%A8%E3%81%AB%E9%96%A2%E3%81%99%E3%82%8B%E3%81%94%E6%A1%88%E5%86%85_2024%E5%B9%B410%E6%9C%88_20241001.pdf,2026-08-04,verified,"公式資料は占有ネットワーク回線（1Gbps〜）を利用者負担と掲載。アリーナ利用時は一般駐車場利用不可、利用者駐車は会場利用料に含むとするが台数は未観測。利用申請日から利用開始6か月前までの取消料50%、以降100%を掲載。投擲、空き状況、主催者物販の可否は要確認"
OP-083,CAND-098,keio-main,飛田給駅,5,"京王線飛田給駅から徒歩5分。西武多摩川線多磨駅から徒歩20分と公式案内","空港からの公式分単位所要時間は未観測",134,conditional,"大型車・搬入口・荷降ろし・養生の公開寸法と条件は未観測",,,unknown,"国際的・全国的・全都的なスポーツ大会やイベントは優先利用申込みが可能で、利用日の前々年度1〜2月に申込、前年度7月末までに仮承認の案内がある。一般イベントの予約・支払・取消は未観測",conditional,unknown,unknown,"宿泊室数・団体料金・終演後交通は未観測",https://keio-arena.tokyo/information/welcome.php,https://keio-arena.tokyo/information/page02.php,https://www.keio.co.jp/news/update/news_release/news_release2025/pdf/nr20250425_keioarenatokyo.pdf,2026-08-04,verified,"公式リリースは駐車場134台と掲載する一方、イベント時には駐車場を利用できない場合があり公共交通を案内。障害者用8台・思いやり区画4台は予約不可。飲食は観客席のみ可、アリーナ面の客席は不可。投擲、物販、専有回線、同時利用、空き状況は要確認"
OP-084,CAND-103,shimazu-main,円町駅,8,"JR円町駅から北へ600m、徒歩約8分と京都府公式施設ナビが案内","空港からの公式分単位所要時間は未観測",,unknown,"大型車・搬入口・荷降ろし・養生の公開寸法と条件は未観測",2,,unknown,"京都府公式施設ナビは、利用日2か月前の月に抽選受付し、利用時間には準備・清掃・後片付けを含むと掲載。キャンセル・取消は受け付けず当選時点で使用料が発生すると掲載",conditional,unknown,unknown,"宿泊室数・団体料金・終演後交通は未観測",https://info-shisetsu.pref.kyoto.lg.jp/facility/facility-000330/,https://info-shisetsu.pref.kyoto.lg.jp/facility/facility-000330/,https://info-shisetsu.pref.kyoto.lg.jp/facility/facility-000330/,2026-08-04,verified,"公式案内は第1競技場を3分割し複数団体が利用できるとするが、イベント専有時の同時利用条件は未観測。飲食は競技場外のみ可。現行料金、投擲、物販、専有回線、空き状況は要確認"
OP-085,CAND-104,grandmesse-exhibition,益城インター口,15,"最寄りの都市間バス停・益城インター口から徒歩約15分。熊本駅方面・阿蘇くまもと空港方面からはグランメッセ前へ空港リムジンバスの公式案内","阿蘇くまもと空港から車・タクシーで約20分、益城熊本空港ICから車で約5分と公式案内",2200,conditional,"各ゾーンの搬出入口は幅5.0m×高さ4.6m。大型車の進入・待機・養生の現行手順は要確認",,,yes,"準備・撤去は基本利用料金の3割引で、展示ホールの料金表は9:00から17:00を全日使用とする。取消料は利用開始12か月前から展示ホール3ゾーン以上30%、6か月前から50%、3か月前から70%、7日前から100%と公式掲載",conditional,conditional,unknown,"宿泊室数・団体料金・終演後交通は未観測",https://www.grandmesse.jp/kiji0035/index.html,https://www.grandmesse.jp/kiji00320/index.html,https://www.grandmesse.jp/kiji00318/index.html,2026-08-04,verified,"敷地内無料駐車場は2,200台だがコンサート等では有料となる場合がある。興行催事は催物開催届出、火気・特殊効果等は申請が必要と公式案内。飲食・物販・専有回線、投擲、同時利用、空き状況は要確認"
OP-086,CAND-105,premist-closed,,,,"空港からの公式分単位所要時間はこの波で未観測",1671,conditional,"大型車・搬入口・荷降ろし・養生の公開寸法と条件は未観測",,,conditional,"イベント利用料は利用承認申請書提出時30%、利用日の3か月前20%、利用日の1か月前に残金を支払うと公式掲載。1日利用は7:00から24:00で、設営・撤去日を別料金として掲載",conditional,conditional,conditional,"宿泊室数・団体料金・終演後交通は未観測",https://www.sapporo-dome.co.jp/dome/,https://www.sapporo-dome.co.jp/event-prom/event/,https://www.sapporo-dome.co.jp/event-prom/event/,2026-08-04,verified,"公式概要は大規模イベント時の前売制を含む普通車1,654台・大型車17台、計1,671台を掲載。主催者向けページは放送・中継用設備を案内するが、専有回線性能は未観測。消防届出・臨時客席等設置の書類を公開。投擲、飲食、物販、同時利用、空き状況は要確認"
OP-087,CAND-106,tsudome-indoor,栄町駅,15,"地下鉄東豊線栄町駅2番出口から徒歩15分。つどーむ前バス停から徒歩1分と指定管理者公式案内",,306,conditional,"大型搬出入口A・Cは幅3.6m×高さ3.7m、Bは3.6m×3.4m、Dは3.1m×3.3m。大型車の進入・待機・養生の現行手順は要確認",,,conditional,"屋内アリーナの利用時間は5:30から21:00。事前申込み、初回イベントの優先申込みに事前審査があると公式案内",conditional,conditional,conditional,"宿泊室数・団体料金・終演後交通は未観測",https://www.sapporo-sport.jp/tsudome/information/,https://www.sapporo-sport.jp/tsudome/exclusive/,https://www.sapporo-sport.jp/tsudome/price/,2026-08-04,verified,"駐車場306台は混雑時に利用できない場合があり公共交通利用を案内。イベント盤は屋内5か所・屋外2か所、TV中継盤1か所を公式掲載。取消条件、投擲、飲食、物販、空き状況は要確認"
OP-088,CAND-107,makomanai-main,真駒内駅,25,"地下鉄南北線真駒内駅から徒歩約25分と指定管理者公式案内",,,conditional,"大型車・搬入口・荷降ろし・養生の公開寸法と条件は未観測",,30,conditional,"主催者利用は概ね2か月前までに問い合わせ、申請書は1か月前までに提出と公式案内",unknown,unknown,unknown,"宿泊室数・団体料金・終演後交通は未観測",https://makomanai-park.jp/icearena/about/,https://makomanai-park.jp/icearena/procedure/,https://makomanai-park.jp/icearena/procedure/,2026-08-04,verified,"大規模イベントでは来場者用駐車場を用意しないと公式案内。駐車場台数を推測せず、当該イベントでの来場者駐車場なしという条件のみ記録。投擲、飲食、物販、専有回線、同時利用、空き状況は要確認"
OP-089,CAND-108,grande-main,利府駅,10,"JR利府駅からバス約10分、徒歩約45分と指定管理者公式案内",,,unknown,"大型車・搬入口・荷降ろし・養生の公開寸法と条件は未観測",,,unknown,"予約開始月、支払・取消、設営撤去、飲食、物販、専有回線、同時利用は未観測",unknown,unknown,unknown,"宿泊室数・団体料金・終演後交通は未観測",https://www.mspf.jp/grande21/index.php?action=sisetu_traffic_index,https://www.mspf.jp/grande21/,https://www.mspf.jp/grande21/index.php?action=other_attention,2026-08-04,verified,"しらかし台ICから車約3分と公式案内。大規模改修休館は令和11年度中予定と公式告知するが詳細未確定。駐車台数、投擲、空き状況は要確認"
OP-090,CAND-109,azuma-main,福島駅,30,"JR福島駅から佐原・四季の里行きバスで約30分、体育館前下車と指定管理者公式案内",,354,unknown,"大型車・搬入口・荷降ろし・養生の公開寸法と条件は未観測",,4,conditional,"利用は抽選後の先着順で、仮予約は4営業日前までと公式案内。詳細な予約開始月、支払・取消、設営撤去、飲食、物販、専有回線、同時利用は未観測",unknown,unknown,unknown,"宿泊室数・団体料金・終演後交通は未観測",https://www.azumapark.or.jp/access/,https://www.azumapark.or.jp/user-guide/information-for-use/,https://www.azumapark.or.jp/user-guide/information-for-use/,2026-08-04,verified,"体育館駐車場136台と野球場下駐車場218台を公式案内し合計354台として記録。投擲、空き状況は要確認"
OP-091,CAND-110,takasaki-main,高崎駅,8,"JR高崎駅西口から徒歩約8分と指定管理者公式案内",,200,conditional,"大型車・搬入口・荷降ろし・養生の公開寸法と条件は未観測",12,14,conditional,"大会・イベントは翌年度1年間分を12月1日から15日に申込み、利用日の1か月前までに打合せと申請書提出。一般利用は利用月1〜2か月前の6日から利用日の2週間前まで受付と公式案内",unknown,unknown,unknown,"宿泊室数・団体料金・終演後交通は未観測",https://www.takasaki-foundation.or.jp/arena/access_index.php,https://www.takasaki-foundation.or.jp/arena/guide.php,https://www.takasaki-foundation.or.jp/arena/guide.php,2026-08-04,verified,"駐車場200台（高さ制限2.3m）。大会利用は利用日1か月前までに打合せ、利用料は当日現金又は銀行振込と公式案内。投擲、飲食、物販、専有回線、同時利用、空き状況は要確認"
OP-092,CAND-111,ecopa-main,愛野駅,15,"JR愛野駅から徒歩約15分と指定管理者公式案内",,,unknown,"大型車・搬入口・荷降ろし・養生の公開寸法と条件は未観測",,,conditional,"施設予約・利用案内・料金表を指定管理者公式サイトで公開。予約開始月、支払・取消、設営撤去、飲食、物販、同時利用、空き状況はこの波で未観測",unknown,unknown,conditional,"宿泊室数・団体料金・終演後交通は未観測",https://www.ecopa.jp/access/,https://www.ecopa.jp/organizer/charge/arena.php,https://www.ecopa.jp/facility/arena/,2026-08-04,verified,"東名掛川ICから車約8分。施設内一部諸室はフリーWi-Fiと有線LANを案内するが、主催者専有回線の性能・提供条件は未観測。駐車台数、投擲は要確認"
OP-093,CAND-112,bighat-main,,,,,,unknown,"大型車・搬入口・荷降ろし・養生の公開寸法と条件は、搬出入口高3.8m×幅3.4m以外は未観測",18,,conditional,"イベント主催者向け公式案内は使用日の18か月前から予約を受け付けると掲載。支払・取消、設営撤去、飲食、物販、専有回線、同時利用、空き状況はこの波で未観測",unknown,unknown,unknown,"隣接する若里市民文化ホールと同一エリアでの開催を公式案内。宿泊室数・団体料金・終演後交通は未観測",,https://www.nagano-mwave.co.jp/bighat/riyou_arena2024.pdf,https://www.nagano-mwave.co.jp/bighat/about/,2026-08-04,verified,"公式施設概要は夏期に展示会・イベント会場として利用可能と掲載。駐車台数、投擲は要確認"
OP-094,CAND-113,mediadome-main,香春口三萩野駅,7,"北九州モノレール香春口三萩野駅から徒歩7分。JR小倉駅から同駅までモノレール3駅4分と運営者公式案内",,,unknown,"大型車・搬入口・荷降ろし・養生の公開寸法と条件は未観測",6,7,conditional,"イベント利用は競輪日程決定後から使用日の前々月末日まで予約、原則使用日の30日前までに内容・料金を最終確認、原則7日前までに前納。使用時間9:00から21:00には準備・後片付け・撤去を含む",unknown,unknown,unknown,"宿泊室数・団体料金・終演後交通は未観測",https://www.mediadome.jp/access/bytrain.html,https://www.mediadome.jp/rental/howtouse/index.html,https://www.mediadome.jp/rental/howtouse/index.html,2026-08-04,verified,"競輪開催日等で使用できない日があり、催事の駐車場は必要に応じ別途費用となるため台数を未入力。投擲、専有回線、同時利用、空き状況は要確認"
OP-095,CAND-124,kumamoto-large,,,,,300,conditional,"大型車・搬入口・荷降ろし・養生の公開寸法と条件は未観測",,2,conditional,"大会利用は2か月前の末日まで受付。翌年度大会は12月頃に年間の利用希望を受け付け調整。一般利用は県スポーツ施設等予約システムから申込み",unknown,unknown,unknown,"宿泊室数・団体料金・終演後交通は未観測",https://www.kspa.or.jp/sougou_taiku_charge/,https://www.kspa.or.jp/sougou_taiku_charge/,https://www.kspa.or.jp/sougou_taiku_charge/,2026-08-04,verified,"指定管理者公式ページで普通車約300台・バス3台を確認。大会時は駐車できない場合があるため、イベント時駐車は要確認。休館日は原則毎週火曜"
OP-096,CAND-125,garden-theater,有明駅,4,"ゆりかもめ有明駅から徒歩約4分、国際展示場駅から徒歩約7分、有明テニスの森駅から徒歩約5分と運営者公式FAQに掲載",,,unknown,"大型車・搬入口・荷降ろし・養生の公開寸法と条件は未観測",,,conditional,"座席変更は原則利用者の利用時間内作業。会場による有料手配も可能と主催者向け公式案内に掲載",unknown,unknown,unknown,"宿泊室数・団体料金・終演後交通は未観測",https://www.shopping-sumitomo-rd.com/tokyo_garden_theater/faq/,https://www.shopping-sumitomo-rd.com/tokyo_garden_theater/org/facilities/events/,https://www.shopping-sumitomo-rd.com/tokyo_garden_theater/org/facilities/mice/,2026-08-04,verified,"基本時間は7:00から24:00で設営・公演・撤去を実施。予約開始月、飲食、物販、専有回線、空き状況は未観測"
OP-097,CAND-126,tokyo-gym-main,千駄ケ谷駅,0,"JR千駄ケ谷駅・都営国立競技場駅A4出口すぐと指定管理者公式案内",,,unknown,"大型車・搬入口・荷降ろし・養生の公開寸法と条件は未観測",,,conditional,"利用時間9:00から21:00には準備・後片付けを含む。初回団体登録と事前打合せが必要と指定管理者公式案内",unknown,unknown,unknown,"宿泊室数・団体料金・終演後交通は未観測",https://www.tef.or.jp/tmg/access.html,https://www.tef.or.jp/tmg/general/index.html,https://www.tef.or.jp/tmg/arena/index.html,2026-08-04,verified,"予約開始月、支払・取消、飲食、物販、専有回線、同時利用、空き状況は未観測"
OP-098,CAND-127,aore-arena,長岡駅,3,"JR長岡駅から徒歩3分、長岡ICから車約20分と運営者公式案内",,,unknown,"南搬入口6.2m×4.0m・2台と長岡市公式案内。大型車・荷降ろし・養生の追加条件は未観測",,,conditional,"料金PDFの利用案内を公式公開。予約開始月、支払・取消、設営撤去、飲食、物販、専有回線、同時利用、空き状況はこの波で未観測",unknown,unknown,unknown,"宿泊室数・団体料金・終演後交通は未観測",https://ao-re.jp/access,https://ao-re.jp/wp-content/uploads/2025/08/656440dda7f7bac176e145f0320d8e23.pdf,https://www.city.nagaoka.niigata.jp/shisei/cate05/ao-re/floor_arena.html,2026-08-04,verified,"控室4、多目的室3、会議室3を長岡市公式案内。投擲、駐車台数は要確認"
OP-099,CAND-129,sansin-hall,,,,,333,yes,"搬出入・荷降ろし・養生の公開寸法と条件は未観測",,,conditional,"準備・搬出入・撤去・最終清掃を含む利用時間の扱いを運営者公式料金表に掲載",unknown,unknown,unknown,"宿泊室数・団体料金・終演後交通は未観測",https://sansin.or.jp/access/,https://sansin.or.jp/notice-20220314.pdf,https://sansin.or.jp/fee/,2026-08-04,verified,"新潟中央ICから車約2分、JR新潟駅からバス約20分、専用333台・大型16台を公式案内。投擲、専有回線、空き状況は要確認"
OP-100,CAND-132,asue-main,朝潮橋駅,0,"大阪メトロ中央線朝潮橋駅2A出口すぐと指定管理者公式案内",,,unknown,"大型車・搬入口・荷降ろし・養生の公開寸法と条件は未観測",,,conditional,"指定管理者公式ページで申込開始・取消料の利用条件を公開。具体的な予約月数、支払・設営撤去、飲食、物販、専有回線、同時利用、空き状況はこの波で未観測",unknown,unknown,unknown,"宿泊室数・団体料金・終演後交通は未観測",https://www.yahataya-park.jp/osaka_arena/faq/index.html,https://www.yahataya-park.jp/osaka_arena/guidelines/index.html,https://www.yahataya-park.jp/osaka_arena/guidelines/index.html,2026-08-04,verified,"土日祝の商業利用は平日料金に20%加算。投擲は要確認"
OP-101,CAND-134,pulse-large,,,,,,unknown,"大型車・搬入口・荷降ろし・養生の公開寸法と条件は未観測",,,conditional,"運営者公式ページで利用案内を公開。予約開始月、支払・取消、設営撤去、飲食、物販、専有回線、同時利用、空き状況はこの波で未観測",unknown,unknown,unknown,"宿泊室数・団体料金・終演後交通は未観測",https://www.pulseplaza.jp/access/,https://www.pulseplaza.jp/guide/,https://www.pulseplaza.jp/guide/,2026-08-04,verified,"アクセス・利用案内は運営者公式ページを参照。駐車台数、投擲は要確認"
OP-102,CAND-136,kyocera-arena,ドーム前千代崎駅,0,"大阪メトロ長堀鶴見緑地線ドーム前千代崎駅すぐと運営者公式案内",,,unknown,"大型車・搬入口・荷降ろし・養生の公開寸法と条件は未観測",,,conditional,"運営者公式ページで展示会等の利用案内を公開。予約開始月、支払・取消、設営撤去、飲食、物販、専有回線、同時利用、空き状況はこの波で未観測",unknown,unknown,unknown,"宿泊室数・団体料金・終演後交通は未観測",https://www.kyoceradome-osaka.jp/access/,https://www.kyoceradome-osaka.jp/use_guide/,https://www.kyoceradome-osaka.jp/use_guide/,2026-08-04,verified,"展示会料金は税別・付帯別。投擲、イベント駐車台数は要確認"
OP-103,CAND-189,kaminoyama-main,かみのやま温泉駅,15,"山形新幹線・奥羽本線かみのやま温泉駅から徒歩約1.2km",,,unknown,unknown,,,unknown,"競技外の講演会・展示会・コンサート等は床面保護のため養生マット・テープ・コンパネ等が必要",unknown,unknown,unknown,"温泉郷と施設のコンベンション機能を公式案内。ただし館内宿泊室は未確認",https://taibun.com/facility/arena,https://taibun.com/guide,https://taibun.com/facility/arena,2026-08-05,verified,"全面・1/2・1/3利用可。投擲、搬入、連続利用、回線は要確認"
OP-104,CAND-191,kamisu-main,JR成田線小見川駅／JR鹿島線鹿島神宮駅,,"最寄駅から神栖中央公園まで車で約15〜25分。鹿島神宮駅から路線バスあり",,470,unknown,unknown,,,unknown,"利用時間に準備及び原状回復の時間を含む",unknown,unknown,unknown,,https://www.kamisu-arena.com/access/,https://www.kamisu-arena.com/group/,https://www.kamisu-arena.com/?mode=k&s=1&type=ga_02&v=20260214,2026-08-05,verified,"東京駅から高速バスでアートホテル鹿島セントラルまで約1時間30分、同所から徒歩15分・タクシー約3分。大型車・搬入・連続利用は要確認"
OP-105,CAND-194,saiden-main,JR埼京線南与野駅,40,"南与野駅から徒歩40分。浦和・中浦和・南与野の各駅から桜区役所方面のバス経路をさいたま市公式ページに掲載",,,unknown,unknown,,,unknown,"利用時間に準備・原状回復・清掃を含む。利用時間内は1種目のみ",conditional,conditional,unknown,,https://www.city.saitama.lg.jp/004/006/003/001/p077482.html,https://www.city.saitama.lg.jp/004/006/003/001/p077482.html,https://www.city.saitama.lg.jp/004/006/003/001/p077482.html,2026-08-05,verified,"飲食は所定場所のみ。物品販売・広告掲示は事前許可が必要。市外料金は1.5倍"
OP-106,CAND-195,chiba-port-main,千葉都市モノレール市役所前駅,8,"市役所前駅から徒歩8分。JR・京成千葉駅から徒歩16分、JR千葉みなと駅から徒歩15分、京成千葉中央駅から徒歩12分",,,unknown,unknown,,,unknown,"メイン・サブアリーナを準備または撤去で使用する場合は料金減額。時間外料金あり",unknown,conditional,unknown,,https://www.city.chiba.jp/shimin/seikatsubunka/sports/shisetsu/chibaportarena.html,https://chibacity.spo-sin.or.jp/shisetu/arena-top/arena-price/,https://chibacity.spo-sin.or.jp/shisetu/arena-top/arena-price/,2026-08-05,verified,"展示販売利用は公式管理基準で確認。搬入、大型車、飲食、専有回線、連続利用は要確認"
OP-107,CAND-196,ota-main,京急本線梅屋敷駅,5,"梅屋敷駅から徒歩5分、京急蒲田駅から徒歩7分、JR・東急蒲田駅から徒歩15分",,61,yes,"地下駐車場の荷捌き車両高さ制限3.5m。地上に大型車3台分",4,,unknown,"利用時間に準備・後片付けを含む。区内スポーツ全面利用は4か月前、区外スポーツ・スポーツ以外は1か月前から電話または来館受付",unknown,unknown,unknown,,https://www.ota.esforta.jp/access/,https://www.ota.esforta.jp/guide/,https://www.ota.esforta.jp/guide/,2026-08-05,verified,"地下一般61台（障がい者用3台を含む）と地上大型車3台。目的・利用者区分で予約開始日が異なる"
OP-108,CAND-197,hiratsuka-main,JR東海道線平塚駅,25,"平塚駅西口から徒歩約1.7km・25〜30分。北口から体育館最寄り停留所まで路線バスあり",,921,conditional,unknown,,,unknown,"専用利用は2時間単位。団体登録後に平塚市公共施設予約システムで抽選・空き予約",unknown,unknown,unknown,"総合公園内に宿泊研修所があるが体育館利用との一体条件・室数は要確認",https://www.city.hiratsuka.kanagawa.jp/koen/page-c_00806.html,https://www.city.hiratsuka.kanagawa.jp/shisetu/page-c_02988.html,https://www.city.hiratsuka.kanagawa.jp/koen/page-c_00811.html,2026-08-05,verified,"駐車921台は総合公園全体の共用。大型バスは南第1駐車場へ事前連絡が必要で土日祝は原則不可。搬入・設営撤去・回線は要確認"
OP-109,CAND-198,hokuroku-main,富士急行線富士山駅,,"富士山駅からタクシー10〜15分",,932,yes,unknown,2,,unknown,"メイン・サブアリーナは利用月2か月前の20〜25日に抽選申請し26日に抽選。準備・撤去の扱いは要確認",unknown,unknown,unknown,"標高1,035m。館内宿泊室・団体料金・終演後交通は未観測",https://www.hokuroku.jp/accessmap,https://www.hokuroku.jp/guide/408,https://www.hokuroku.jp/about/40,2026-08-05,verified,"公園内駐車場は普通・軽・障がい者用等932台、大型29台。8:30〜21:00開放で夜間施錠・車中泊不可"
OP-110,CAND-199,joetsu-indoor,えちごトキめき鉄道直江津駅,,"直江津駅から路線バス約20分でリージョンプラザ停留所。上越ICから車約3分",,573,yes,unknown,6,0,unknown,"準備・撤去を利用時間に含み、利用後は原状復帰。全面利用は6か月前の5日から窓口申込、面貸・時間貸は1か月前から予約システム",unknown,unknown,unknown,,https://region-joetsu.jp/access/,https://region-joetsu.jp/yoyaku/,https://region-joetsu.jp/guidance-info/,2026-08-05,verified,"駐車573台は大縄公園を含む案内図の合計で大型13台。2026年9月1日から2027年3月31日まで大規模改修による長期休館予定"
OP-111,CAND-200,takaoka-takehira-arena,あいの風とやま鉄道高岡駅,,"高岡駅から路線バスで高岡商業高校前下車、徒歩約10分",,123,yes,unknown,,,unknown,"団体利用申請は利用日の2週間前から。利用後は清掃し、用具を所定位置へ戻す",conditional,unknown,unknown,,https://www.sportsnet.pref.toyama.jp/facilities/gymnasium/000726.html,https://www.city.takaoka.toyama.jp/gyosei/kanko_bunka_sports/sports/5/6/8210.html,https://www.city.takaoka.toyama.jp/gyosei/kanko_bunka_sports/sports/5/6/8210.html,2026-08-05,verified,"普通車123台・バス10台。飲食は指定場所のみ。搬入、物販、専有回線、連続利用は要確認"
OP-112,CAND-201,kanazawa-first,JR金沢駅,,"金沢駅から路線バス約25分で市総合体育館前、徒歩約1分。泉丘高校前から徒歩約3分",,388,unknown,unknown,,,unknown,"大会等で第1競技場全面を使う場合は少なくとも2か月前に相談。ゴール・ネット設置とモップ掛けを利用時間内に行う",conditional,conditional,unknown,,https://www.kanazawa-sports.jp/use/search/433/,https://www.kanazawa-sports.jp/use/search/433/,https://www.kanazawa-sports.jp/use/search/433/,2026-08-05,verified,"団体登録後にインターネット予約。飲食は指定場所のみ、出店は事前相談。大型車、搬入、専有回線、連続利用は要確認"
OP-113,CAND-202,fukui-main,えちぜん鉄道・福井鉄道田原町駅,3,"田原町駅から徒歩約3分。福井駅から路線バス約5分",,180,unknown,unknown,2,7,unknown,"専用利用は利用月2か月前の1日から月末まで抽選申込。準備・原状復帰は予約時間内。床面には粘着力の弱いラインテープを使用し、重量物を直接置かない",unknown,unknown,unknown,,https://www.city.fukui.lg.jp/kyoiku/sports/sisetu/sitaiikukann.html,https://www.city.fukui.lg.jp/kyoiku/sports/sisetu/instructions.html,https://www.city.fukui.lg.jp/kyoiku/sports/sisetu/sitaiikukann.html,2026-08-05,verified,"抽選後の空き予約は前月4日9時から利用7日前まで。大型車、搬入、飲食、物販、専有回線、連続利用は要確認"
OP-114,CAND-203,chikuma-kotobuki-arena,しなの鉄道屋代駅,20,"屋代駅から徒歩約20分",,,unknown,unknown,,,unknown,"利用月初日に窓口申請。大会・イベント利用は事前に施設管理者へ相談",unknown,unknown,conditional,,https://www.city.chikuma.lg.jp/material/files/group/18/tikumadaiku_ura.pdf,https://www.city.chikuma.lg.jp/kanko_bunka_sports/sports/2544.html,https://www.city.chikuma.lg.jp/soshiki/johoseisaku/denshigyosei_dxsuishin/1404.html,2026-08-05,verified,"館内に無料公衆Wi-Fiがあるが催事用専有回線ではない。常設駐車台数、大型車、搬入、飲食、物販、連続利用は要確認"
OP-115,CAND-204,ogaki-first,JR大垣駅,,"大垣駅南口から名阪近鉄バスのソフトピア線で総合体育館停留所、徒歩約1〜2分",,,conditional,unknown,1,,unknown,"通常団体は毎月1〜9日に翌月分の抽選申込、15日21時以降に空き申込。大会・イベントは年度の調整会議で決定",unknown,unknown,unknown,,https://www.city.ogaki.lg.jp/0000009542.html,https://www.ogaki-tairen.jp/?page_id=948,https://www.ogaki-tairen.jp/wp-content/uploads/2024/11/%E5%A4%A7%E5%9E%A3%E5%B8%82%E7%B7%8F%E5%90%88%E4%BD%93%E8%82%B2%E9%A4%A8%E5%88%A9%E7%94%A8%E6%99%82%E3%81%AE%E9%A7%90%E8%BB%8A%E5%A0%B4%E3%81%AB%E3%81%A4%E3%81%84%E3%81%A6.pdf,2026-08-05,verified,"現行駐車場図は常時利用・要申請・バス専用の区画を分けるが総台数を掲載しないため数値欄は空欄。飲食、物販、搬入、専有回線、連続利用は要確認"
OP-116,CAND-205,numazu-sports-arena,JR沼津駅,15,"沼津駅南口から徒歩約15分、または路線バス約5分で市役所前・文化センター・文化センター北の各停留所",,,conditional,unknown,2,1,unknown,"団体登録後、毎月1日0時から翌々月分を先着予約。利用8日前までは予約システム、7日前から前日正午までは予約システムまたは窓口",unknown,unknown,conditional,,https://city.numazu-sougoutaiikukan.jp/access,https://city.numazu-sougoutaiikukan.jp/guide,https://city.numazu-sougoutaiikukan.jp/gallery,2026-08-05,verified,"隣接の市営香貫駐車場は有料で、普通車・全長5m以下の準中型車に対応。館内Wi-Fi表示はあるが催事用専有回線ではない。搬入、飲食、物販、連続利用は要確認"
OP-117,CAND-206,toyohashi-first,JR・名鉄豊橋駅,,"豊橋駅東口7番乗り場から総合スポーツ公園行きバス約20分、終点下車で施設隣接",,550,unknown,unknown,3,5,unknown,"抽選は利用3か月前の1日〜15日、窓口・インターネットの通常申込は2か月前から。利用後に整備・清掃。別日の会場準備・撤去は基本料金の2分の1",conditional,unknown,unknown,,https://www.hamada-sports.com/toyohashi-sports/shisetsu/general-gym/,https://www.hamada-sports.com/toyohashi-sports/shisetsu/general-gym/,https://www.hamada-sports.com/toyohashi-sports/shisetsu/general-gym/,2026-08-05,verified,"駐車550台。飲食は所定場所のみ。大型車、搬入、物販、専有回線、連続利用は要確認"
OP-118,CAND-207,yokkaichi-main,近鉄名古屋線新正駅,,"新正駅または四日市あすなろう鉄道の日永駅が最寄り。徒歩所要時間は公式施設案内で未観測",,,unknown,unknown,3,,unknown,"専用利用は3か月前から。毎月1〜5日を原則に先着・抽選受付を行い、その後は窓口受付。利用後は直ちに原状回復",unknown,conditional,unknown,,https://www.y-sports.jp/new/%E7%AE%A1%E7%90%86%E6%96%BD%E8%A8%AD%E6%A1%88%E5%86%85/%E7%AE%A1%E7%90%86%E6%96%BD%E8%A8%AD%E4%B8%80%E8%A6%A7/tyuouryokuti/,https://www.y-sports.jp/new/yoyaku/howto/,https://www.y-sports.jp/new/yoyaku/howto/,2026-08-05,verified,"物品販売は事前に中央緑地施設管理事務所へ相談。駐車台数、大型車、搬入、飲食、専有回線、連続利用は要確認"
OP-119,CAND-208,hikone-main,JR琵琶湖線南彦根駅,5,"南彦根駅から徒歩約5分",,256,unknown,unknown,6,,unknown,"WEBは利用6か月前の月初0時、電話・窓口は10時から。多目的ホール可動席は事前予約で、出し入れのため予約時間内の前後30分を利用できない場合がある",unknown,unknown,conditional,,https://shisetsu.mizuno.jp/m-7227/access,https://shisetsu.mizuno.jp/m-7227/guide,https://shisetsu.mizuno.jp/m-7227/gallery,2026-08-05,verified,"北側一般駐車場256台のほか、講座受講者・弓道場利用者専用70台、身障者用6台。館内Wi-Fi表示はあるが催事用専有回線ではない。大型車、搬入、飲食、物販、連続利用は要確認"
OP-120,CAND-209,kyoto-arena,阪急京都線西京極駅,10,"西京極駅から徒歩約10分。京都駅から市バスで西京極運動公園前下車、徒歩約5分",,212,no,unknown,3,,unknown,"大規模大会等は利用3か月前の1日から窓口受付し事前相談。通常の先着予約は前月1日6時から。申請時間に準備・片付けを含み、机・椅子等の設置と原状復帰は主催者が行う",unknown,conditional,unknown,,https://www.kyoto-sports.or.jp/facilities/detail.php?id=4,https://www.kyoto-sports.or.jp/wp-content/themes/kyoto_sports/do_sports/image/pdf/riyou_2026_4.pdf,https://www.kyoto-sports.or.jp/confirmation/,2026-08-05,verified,"西京極総合運動公園の有料駐車場4か所合計212台。大型車は駐車不可。商品の販売を主目的とする催物は禁止。搬入、飲食、催事専有回線、連続利用は要確認"
OP-121,CAND-210,higashiosaka-main,近鉄奈良線八戸ノ里駅,12,"八戸ノ里駅から徒歩約12分",,102,conditional,unknown,5,,unknown,"大アリーナ全面は5か月前の最終土曜日に窓口抽選、11時以降先着。電話予約は3営業日以内に窓口支払い。2026年12月利用分から東大阪市公共予約システムへ移行",unknown,unknown,unknown,,https://www.hos-arena.com/access/,https://www.hos-arena.com/gymnasium/reserve.html,https://www.hos-arena.com/gymnasium/use.html,2026-08-05,verified,"有料駐車102台。大型車は駐車状況により利用不可の場合があるため事前相談。搬入、飲食、物販、催事専有回線、連続利用は要確認"
OP-122,CAND-211,himeji-first,山陽電車手柄駅,,"手柄駅から徒歩約10〜15分。JR手柄山平和公園駅から徒歩約10分。姫路駅から路線バス約15分で中地下車、徒歩2分",,,unknown,unknown,2,10,unknown,"窓口は利用2か月前から前日まで先着。ネットは2か月前から1週間後の0時から10日前までで、予約後1週間以内の窓口支払いで確定。第一競技場のラインは弱粘着テープを利用し、ゴミは持ち帰る",unknown,unknown,unknown,,https://himeji-machishin.jp/sports/shisetsu/chuotai/,https://himeji-machishin.jp/sports/shisetsu/yoyaku/,https://himeji-machishin.jp/sports/shisetsu/chuotai/ryokin/,2026-08-05,verified,"手柄山周辺駐車場を利用するため敷地内台数は空欄。市公式計画は2027年1月〜2028年12月大規模改修、2029年1月供用再開を予定。大型車、搬入、飲食、物販、催事専有回線、連続利用は要確認"
OP-123,CAND-212,nara-central,近鉄奈良駅・JR奈良駅,,"近鉄奈良駅またはJR奈良駅から路線バスで鴻ノ池停留所下車。徒歩所要時間は公式案内で未観測",,,unknown,unknown,,,unknown,"利用者登録後に公共施設予約システムで抽選・一般予約。使用料の支払いをもって予約確定",unknown,unknown,conditional,,https://www.city.nara.lg.jp/soshiki/22/5383.html,https://www.city.nara.lg.jp/soshiki/22/6592.html,https://www.city.nara.lg.jp/soshiki/22/135162.html,2026-08-05,verified,"館内無料Wi-Fiはアリーナ・観覧席・ロビー・会議室等で利用可能だが催事専有回線ではない。駐車台数、大型車、搬入、飲食、物販、連続利用は要確認"
OP-124,CAND-213,wakayama-kannan-arena,JR和歌山線田井ノ瀬駅,15,"田井ノ瀬駅または千旦駅から徒歩約15分","阪和自動車道和歌山ICから東へ約2.5km",120,conditional,unknown,2,,conditional,"毎月1日に2か月先を抽選、窓口・電話は同日抽選後、インターネット仮予約は2日から。利用時間に準備・撤去・清掃を含み、大会は2週間前までに事前打合せ",conditional,no,unknown,,https://www.city.wakayama.wakayama.jp/shisetsu/kouen_sp_shisetsu/1006086/1000981.html,https://www.city.wakayama.wakayama.jp/shisetsu/kouen_sp_shisetsu/1006086/1000981.html,https://www.city.wakayama.wakayama.jp/shisetsu/kouen_sp_shisetsu/1006086/1000981.html,2026-08-05,verified,"駐車120台。大型バスは施設が位置を指定。アリーナ内飲食は禁止で観覧席・ロビー・通路は可。館内・敷地内の物品販売等は原則禁止。連続利用は7日以内"
OP-125,CAND-214,tottori-main,JR鳥取駅,,"鳥取駅から路線バス約17分で農協前停留所、県民体育館に隣接","鳥取空港から車約10分",,unknown,unknown,,,unknown,"利用時間は9時〜22時。利用取消が使用日を含む5日以内の場合は施設使用料全額。モバイルルーターは予約制・1台・1日10GB",unknown,unknown,conditional,,https://www.fuse-sportspark.com/access/,https://www.fuse-sportspark.com/facility-information/prefectural-gymnasium/,https://www.fuse-sportspark.com/facility-information/prefectural-gymnasium/,2026-08-05,verified,"モバイルルーター提供はあるが催事専有回線ではない。駐車台数、大型車、搬入、飲食、物販、連続利用、予約開始時期は要確認"
OP-126,CAND-215,matsue-main,JR松江駅,15,"松江駅から徒歩約15分。または路線バス約5分で北公園下車、徒歩約3分","松江中央ICから車約15分、西尾ICから約8分",371,unknown,unknown,,,unknown,"大会等の準備・片付け・清掃は予約時間内。全国大会等は随時相談し、通常大会は利用1か月前までに打合せ。使用日を含む15日以内の取消は50％、5日以内は100％","水分補給を除きアリーナ内飲食禁止",unknown,unknown,,https://www.so-tai.jp/access/,https://www.so-tai.jp/schedule/,https://www.so-tai.jp/use/,2026-08-05,verified,"第1・第2駐車場計371台に加えておもいやり駐車場9台。駐車は30分超有料。大型車、搬入、物販、催事専有回線、連続利用、予約開始時期は要確認"
OP-127,CAND-216,soja-main,JR総社駅,20,"総社駅から市役所のある交差点を経由して徒歩約20分",,,unknown,unknown,,1,unknown,"受付窓口または総社市公共施設予約システムで予約し、利用前までに窓口で支払い。取消は利用日前日まで",unknown,unknown,unknown,,https://soja-facilities.fagiano-okayama.com/facilities/sports-center/,https://soja-facilities.fagiano-okayama.com/,https://soja-facilities.fagiano-okayama.com/,2026-08-05,verified,"2026年7月に空調供用開始。駐車台数、大型車、搬入、飲食、物販、催事専有回線、連続利用、予約開始時期は要確認"
OP-128,CAND-217,kure-ihi-main,JR呉駅,15,"呉駅から徒歩約15分。または路線バスで体育館前下車、徒歩2分",,94,unknown,unknown,6,3,unknown,"市内団体の大会等は利用6か月前の1日から窓口で専用予約。練習は前月1〜10日申請、11〜15日調整、16日以降確定。専用利用の時間外準備・後始末は基本料金","unknown",conditional,unknown,,https://sports-kure.com/shisetsu/s-510/s-515,https://sports-kure.com/shisetsu/s-510/s-512,https://sports-kure.com/shisetsu/s-510/s-511,2026-08-05,verified,"中央公園共用駐車場94台とおもいやり3台。即売会・広告宣伝等は料金加算条件あり。大型車、搬入、飲食、催事専有回線、連続利用は要確認"
OP-129,CAND-218,shunan-main,JR櫛ケ浜駅,20,"櫛ケ浜駅から徒歩約20分。または徳山駅から路線バスで緑が丘運動公園前下車、徒歩3分",,450,unknown,unknown,,7,unknown,"利用者登録後に窓口または公共施設予約サービスで申請。大会は申請書・タイムスケジュール・大会要項を提出し、準備・片付け・清掃は利用者が実施。取消・変更は7日前まで",conditional,conditional,unknown,,https://www.shunan-srt.jp/access/,https://www.shunan-srt.jp/sports_center/news/detail.php?no=51,https://www.shunan-srt.jp/facilities/pdf/price.pdf?202602=,2026-08-05,verified,"施設概要記載の無料駐車約450台を構造化。フロア飲食は原則不可だがシート上のスポーツドリンク可、観覧席は主催者許可で飲食可。物販等は目的外使用許可を1か月前までに申請。大型車、搬入、催事専有回線、連続利用、予約開始時期は要確認"
OP-130,CAND-219,tokushima-first,JR徳島駅,5,"徳島駅から北へ徒歩約5分","徳島自動車道徳島ICから車約15分",,unknown,unknown,3,,unknown,"事前登録後、利用3か月前の8時30分から予約システムで受付。当日は電話予約。利用時間内にコート撤去・清掃・退出し、ゴミは持ち帰る",conditional,unknown,unknown,,https://www.tokushimacity-sports.or.jp/facilities-info/116/,https://www.tokushimacity-sports.or.jp/application1/,https://www.tokushimacity-sports.or.jp/facilities-info/116/,2026-08-05,verified,"有料駐車場あり、台数不明。競技場内飲食は禁止で2階観覧席・休憩室等は可。予約確定後の取消でも利用料が発生。大会等は3か月より前の優先申請も相談可。大型車、搬入、物販、催事専有回線、連続利用は要確認"
OP-131,CAND-220,takamatsu-first,,,"公共交通アクセスの所要時間は公式HTMLで未観測",,224,unknown,unknown,2,,unknown,"利用者登録後、利用月2か月前の1〜10日に抽選申込、13日抽選、14〜25日に当選確定。6日前から当日は窓口申込。ラインは弱粘着テープを持参",unknown,unknown,unknown,,https://www.taka-spo.or.jp/sou1.html,https://www.taka-spo.or.jp/reservation1.html,https://www.taka-spo.or.jp/sou2.html,2026-08-05,verified,"第1駐車場134台と第2駐車場90台の計224台、有料。大会・イベント等は利用計画書を随時提出でき、翌年度分は前年12月頃に調整。大型車、搬入、飲食、物販、催事専有回線、連続利用は要確認"
OP-132,CAND-221,ehime-park-main,,,"松山市中心部から車で約30分。鉄道駅からの経路・徒歩時間は公式パンフレットで未観測",,,conditional,conditional,3,5,unknown,"予約システムまたは利用許可申請書で専用利用を申請。業務・大会等で園内への車両進入と駐車が必要な場合は事前許可申請",conditional,conditional,unknown,,https://ehime-spa.jp/wp-content/uploads/2023/08/%E9%81%8B%E5%8B%95%E5%85%AC%E5%9C%92%E3%80%80%E3%83%91%E3%83%B3%E3%83%95%E3%83%AC%E3%83%83%E3%83%88.pdf,https://ehime-spa.jp/wp-content/uploads/2000/03/R%EF%BC%95%E6%84%9B%E5%AA%9B%E7%9C%8C%E7%B7%8F%E5%90%88%E9%81%8B%E5%8B%95%E5%85%AC%E5%9C%92%E7%AE%A1%E7%90%86%E9%81%8B%E5%96%B6%E8%A6%81%E7%B6%B1.pdf,https://ehime-spa.jp/wp-content/uploads/2023/04/R5%E9%81%8B%E5%8B%95%E5%85%AC%E5%9C%92%E7%AE%A1%E7%90%86%E9%81%8B%E5%96%B6%E8%A6%81%E7%B6%B1%EF%BC%88HP%E6%B7%BB%E4%BB%98%E7%94%A8%EF%BC%89.pdf,2026-08-05,verified,"専用利用は利用日の3か月前から5日前まで。飲食は指定場所のみ。宣伝物の配布・掲示や園内車両進入は承認が必要。駐車台数、大型車寸法、搬入口、物販、催事専有回線、連続利用は要確認"
OP-133,CAND-222,haruno-main,団地南口,,"南はりまやから路線バスで団地南口へ移動し、予約制デマンドタクシーに乗り換えて春野総合運動公園へ",,78,conditional,unknown,,,unknown,"利用者登録後にこうちスポーツNAVIで抽選・空き予約。大会・催し物では指定ポリラインテープを使用し、机・椅子使用時はフロアシートを敷く。利用後は清掃",unknown,unknown,unknown,,https://www.kochi-haruno.org/access,https://www.kochi-haruno.org/info/lot,https://www.kochi-haruno.org/wp-content/uploads/2020/04/tyuijikou.pdf,2026-08-05,verified,"体育館向けP6は車78台と身体障害者用1台。大型・マイクロバスはP10・P8・P2へ事前連絡。翌年度大会・イベントは前年度1月の利用調整会議で決定し、大規模大会は1年以上前から相談可。搬入、飲食、物販、催事専有回線、連続利用は要確認"
OP-134,CAND-223,fukuoka-citizens-main,地下鉄千代県庁口駅,1,"地下鉄千代県庁口駅から徒歩約1分。JR吉塚駅から徒歩約10分、路線バス千代町から徒歩約4分",,125,unknown,unknown,3,1,unknown,"10名以上の専用利用は空き枠があれば窓口で事前予約。電話は空き照会のみ。公共施設予約システムの空き予約は利用3か月前20日9時から前日19時まで",conditional,conditional,unknown,,https://www.sports-fukuokacity.or.jp/facility/gym_fukuoka.html,https://www.sports-fukuokacity.or.jp/facility/gym_fukuoka/topics/fcg_oshirase_210316_copy_copy.html,https://www.sports-fukuokacity.or.jp/facility/_2721.html,2026-08-05,verified,"有料駐車約125台で車椅子使用者用3台を含む。スポーツ用品販売・展示・軽食販売は大会主催者の事前承認を得たうえで施設へ問い合わせ、内容審査あり。補助競技場・プール・本館等は閉鎖。大型車、搬入、催事専有回線、連続利用は要確認"
OP-135,CAND-224,saga-plaza-main,JR佐賀駅,15,"佐賀駅から徒歩約15分。または佐賀駅バスセンターから路線バスでSAGAサンライズパーク（市文化会館前）下車","佐賀空港から市営バスで佐賀駅バスセンターへ移動し、路線バスへ乗り換え",,conditional,unknown,1,,unknown,"県内利用者は利用日前月1日から、県外利用者は前月15日から申請。会場設営、照明、放送、冷暖房は事前に職員と打合せ",unknown,conditional,unknown,,https://saga-sunrisepark.com/sunrise-access/,https://saga-sunrisepark.com/facility/0228_3783/,https://saga-sunrisepark.com/wp-content/uploads/2026/06/%E6%96%99%E9%87%91%E8%A1%A8SAGA%E3%83%97%E3%83%A9%E3%82%B6_2026.6%EF%BD%9E-003-%E3%81%AE%E3%82%B3%E3%83%94%E3%83%BC.pdf,2026-08-05,verified,"物品販売は許可制で1店舗1日5,250円加算。駐車場はイベント別運用があるため台数を構造化せず、大型バスは要予約案内あり。搬入、飲食、催事専有回線、連続利用は要確認"
OP-136,CAND-225,nagasaki-pref-main,大橋電停,10,"路面電車の大橋電停または高速・路線バスの大橋停留所から徒歩約10分。JR浦上駅から路面電車約10分","長崎空港から高速バスで大橋停留所まで約50分、徒歩約10分",103,yes,unknown,12,,unknown,"専用使用は原則1年前から来館して申請。使用後は競技場をモップ掛けし、器具整理と館内清掃を行う。納付済み使用料は原則返還なし",unknown,unknown,unknown,,https://www.pref.nagasaki.jp/nsfinder/sougou/so_acs.html,https://www.pref.nagasaki.jp/nsfinder/sougou/so_ri.html,https://www.pref.nagasaki.jp/nsfinder/sougou/so_ri.html,2026-08-05,verified,"館内駐車は普通車103台・バス6台・身障者用4台。隣接科学館の普通車約150台も条件付き利用可。搬入、飲食、物販、催事専有回線、連続利用は要確認"
OP-137,CAND-226,kumamoto-city-main,市電市立体育館前,7,"市電の市立体育館前または商業高校前から徒歩約7分。複数のバス停から徒歩3〜6分",,,unknown,unknown,,,unknown,"専用使用は利用月2か月前の末日までに窓口申請。使用計画書で本部位置、机・椅子・ステージ、放送設備、駐車台数を打合せし、遅くとも1か月前までに確定",unknown,no,unknown,,https://kc-sks.jp/soutai/map.html,https://kc-sks.jp/soutai/usreguide02-02.html,https://kc-sks.jp/soutai/usreguide02-02.html,2026-08-05,verified,"不特定多数での利用、施設内の営利行為等は禁止。飲食ごみは持ち帰り。駐車台数、大型車、搬入、一般飲食、催事専有回線、連続利用、予約開始時期は要確認"
OP-138,CAND-227,oita-ozu-main,大洲運動公園,,"大分駅前6番乗り場から路線バスで大洲運動公園まで約15分。大分駅から約4km",,868,yes,unknown,2,,unknown,"公共施設予約システムまたは窓口で申請。市内在住者は利用月2か月前の抽選または4日から、市外在住者は2か月前10日から。システム申込の変更・取消は申込当日から5日間のみ",unknown,unknown,unknown,,https://www.oita-oosukouen.com/access/,https://www.oita-oosukouen.com/sougoutaiikukan/facilities_details/,https://www.oita-oosukouen.com/sougoutaiikukan/facilities_details/,2026-08-05,verified,"公園全体で無料の小型車868台・大型バス等8台。複数大会時は混雑注意。搬入、飲食、物販、催事専有回線、連続利用は要確認"
OP-139,CAND-228,miyazaki-city-main,JR宮崎駅,5,"宮崎駅東口から徒歩約5分",,,unknown,unknown,,,unknown,"開館9時〜22時。全面・3分の2・2分の1・3分の1利用の料金区分あり。予約開始・申請期限、設営撤去条件は要確認",unknown,unknown,unknown,,https://www.sun.pref.miyazaki.lg.jp/facilities_view/373.html,https://www.city.miyazaki.miyazaki.jp/health/sports/8698.html?code=071518,https://www.city.miyazaki.miyazaki.jp/fs/8/5/9/3/2/6/_/859326.pdf,2026-08-05,verified,"立体駐車場あり。駐車台数、大型車、搬入、飲食、物販、催事専有回線、連続利用、予約開始時期は要確認"
OP-140,CAND-229,sendai-main,,,"公共交通アクセスの所要時間は公式HTMLで未観測",,900,conditional,unknown,,,unknown,"公共施設予約システムの対象施設。専用使用の準備・リハーサル・後片付けは当該時間区分料金の5割。予約開始・申請期限は要確認",unknown,conditional,unknown,,https://www.city.satsumasendai.lg.jp/kanko_bunka_sports/sports/2/9053.html,https://www.city.satsumasendai.lg.jp/soshiki/1023/2/9/1050.html,https://satsumasendai.or.jp/relays/download/179/137/116//?file=%2Ffiles%2Flibs%2F282%2F201602171207358426.pdf,2026-08-05,verified,"公式公園パンフレットは駐車場約900台。大規模イベント時は不足例があり、大型バスは別途専用スペースを確保。臨時売店は館内5㎡以内1日3,000円。搬入、飲食、催事専有回線、連続利用は要確認"
OP-141,CAND-230,okinawa-budokan-arena,壺川駅,3,"沖縄都市モノレール壺川駅から徒歩約3分、奥武山公園駅から徒歩約5分","那覇空港から車で約5分",408,yes,unknown,6,14,unknown,"利用希望日の6か月前の月初1日9時からWEB仮予約。利用日の2週間を過ぎてからは受付不可で、2週間前までに申請しない場合は自動キャンセル。料金は3日前までに支払う",unknown,unknown,unknown,,https://www.ounoyama.jp/access/,https://www.ounoyama.jp/facilities-use/borrowing-application-procedures/,https://www.ounoyama.jp/facilities-use/borrowing-application-procedures/,2026-08-05,verified,"公式パンフレット掲載の普通車は第1駐車場236台・第2駐車場172台の計408台、大型車計7台。イベント規模により駐車場整理員配置や地上・地下駐車場申請が必要。搬入、飲食、物販、催事専有回線、連続利用は要確認"
OP-142,CAND-114,yoyogi-first,JR原宿駅,5,"JR原宿駅から原宿口まで徒歩約5分。渋谷駅から渋谷口までは徒歩約15分",,,unknown,unknown,,,unknown,"次年度利用は原則7月1日〜8月31日に利用予定申込書を提出し、日程調整後10月中旬頃に決定、10月31日までに正式申込。施設利用料は利用開始10日前までに全額納付。準備・撤去を含む原状回復は利用者責任",unknown,conditional,unknown,"オリンピック記念青少年総合センターが徒歩約12分",https://www.jpnsport.go.jp/yoyogi/access/tabid/88/default.aspx,https://www.jpnsport.go.jp/yoyogi/Portals/0/images/contents/syusaisya/riyoannai.260401.pdf,https://www.jpnsport.go.jp/yoyogi/Portals/0/images/contents/syusaisya/riyoannai.260401.pdf,2026-08-05,verified,"第一体育館南側に普通車専用有料駐車場あり。2026年度公式利用案内PDFを目視確認。物品販売・製品展示会は申込対象だが詳細は担当係確認。駐車台数、大型車、搬入口、飲食、催事専有回線、連続利用は要確認"
OP-143,CAND-115,ngk-main,JR笠寺駅,3,"JR東海道本線笠寺駅から徒歩約3分。名鉄本笠寺駅・大江駅からは徒歩約15分","中部国際空港から名鉄空港線で金山駅へ移動し、JR東海道本線に乗り換えて笠寺駅へ。公式案内の目安は空港から金山約38分、金山から笠寺約6分",1385,yes,conditional,,,unknown,"催物の最終打合せで関係車両、大型トラック、観光バス、テレビ中継車、電源車、物販テント等を申告。清掃・ごみ処理・原状回復は主催者責任",no,conditional,unknown,,https://www.nespa.or.jp/hall/access/,https://www.nespa.or.jp/hall/sponsor/guide/riyou-use.html,https://www.nespa.or.jp/hall/sponsor/guide/riyou-use.html,2026-08-05,verified,"ホール側有料駐車場1,385台、プール側327台は先着順で予約不可。大型車は事前確保・1日2,000円。アリーナ内飲食物持込禁止。物販は最終打合せと別料金が必要。催事専有回線、連続利用、予約開始時期は要確認"
OP-144,CAND-119,shiga-main,JR瀬田駅,,"JR瀬田駅から路線バス約15分、滋賀アリーナ停留所下車",,,yes,unknown,,,unknown,"団体登録後にWEB予約。利用区分は8時30分〜12時30分、13時〜17時、17時30分〜21時30分で、区分をまたぐ場合は原則延長料金。県外居住者は駐車場を除き料金1.5倍",unknown,conditional,yes,,https://shiga-arena.jp/access,https://shiga-arena.jp/guide,https://shiga-arena.jp/guide,2026-08-05,verified,"駐車場あり。普通車100円、マイクロバス200円、大型車300円/回。物販は事前の許可申請・受理が必要。館内Wi-Fiあり。駐車台数、搬入、飲食、連続利用、一般予約開始時期は要確認"
OP-145,CAND-121,showa-main,JR宝殿駅,,"JR宝殿駅北口から神姫バス約10分、東播工業高校前下車徒歩約20分。または、かこバスミニ約20分、平井内科クリニック前下車徒歩約3分。JR宝殿駅から約2.7km",,,unknown,unknown,4,,unknown,"利用者登録後、毎月20日〜月末に4か月先1か月分の抽選予約。翌月1日抽選、2日結果発表、3日以降は空き枠を即時予約。附属設備は予約時に同時申込し、使用後は備品復旧と清掃",unknown,unknown,unknown,,https://www.kakogawa-sports.jp/access/index.html,https://www.kakogawa-sports.jp/facilities/gym/index.html,https://www.kakogawa-sports.jp/facilities/gym/index.html,2026-08-05,verified,"加古川西ランプから車約5分、加古川北ICから約10分。電話予約不可。駐車台数、大型車、搬入、飲食、物販、催事専有回線、連続利用は要確認"
OP-146,CAND-122,fukuoka-main,福岡市総合体育館バス停,1,"西鉄バス福岡市総合体育館バス停から徒歩約1分。JR千早駅からバス約15分、天神から約25分、博多バスターミナルから約30〜45分","福岡空港から地下鉄空港線で博多駅まで約5分、その後バス等を利用",500,yes,conditional,,,unknown,"専用利用は利用者登録・抽選・許可申請・支払・事前打合せを経る。大会・イベント・興行は搬入出口と持込機材を含め、企画確定前に施設スタッフと打合せ。多数来場時は主催者側で警備を行う",unknown,conditional,unknown,,https://www.fukuoka-city-arena.jp/contact/access.html,https://www.fukuoka-city-arena.jp/about/use.html,https://www.fukuoka-city-arena.jp/about/use.html,2026-08-05,verified,"駐車場は一般489台・障がい者用7台・おもいやり4台の計500台。バス駐車料金あり。駐車場専用利用と大会・イベント時は事前打合せ。連続利用は利用日ごとの受付が必要。飲食、催事専有回線、予約開始時期は要確認"
OP-147,CAND-142,oita-main,大分駅,,"大分駅からタクシー約25分、高城駅から約15分。大分スポーツ公園内","大分空港から空港特急バス等で大分方面へ。公式ページに交通機関別ルート案内あり",5000,yes,unknown,3,,unknown,"地域・学校のスポーツ大会やその他イベントは利用日の3か月前から受付。大規模大会は規模により受付時期が異なるため日程決定時に問い合わせ。準備・片付け・モップ掛けも利用時間に含む",unknown,unknown,unknown,,https://budo.oita-sportspark.jp/access/,https://budo.oita-sportspark.jp/price/price-group/,https://budo.oita-sportspark.jp/price/price-group/,2026-08-05,verified,"大分スポーツ公園内に約5,000台分の駐車場。D駐車場は普通車・バス用。閉館後は公園門扉施錠前に速やかな出庫が必要。搬入、飲食、物販、催事専有回線、連続利用は要確認"
OP-148,CAND-159,tokyo-budo-main,東京メトロ綾瀬駅,5,"東京メトロ千代田線綾瀬駅東口から徒歩約5分。京成タウンバス綾瀬駅停留所からも徒歩約5分",,70,no,unknown,,,unknown,"初回は5名以上で利用団体登録。施設予約システムで申込み、一部施設は窓口抽選。国際・全国・全都的なスポーツ大会やイベントには優先受付あり。利用1か月前以降の申込みは申込日から1週間以内に全額支払",unknown,unknown,unknown,,https://www.tef.or.jp/tb/access.html,https://www.tef.or.jp/tb/general/index.html,https://www.tef.or.jp/tb/general/index.html,2026-08-05,verified,"地下駐車場70台。車長5mまたは車高2.6m超の車両は駐車不可で、貸切や満車の場合あり。大会主催者の駐車割引は事前相談。搬入、飲食、物販、催事専有回線、連続利用は要確認"
OP-149,CAND-182,ishikawa-main,総合スポーツセンター前バス停,,"金沢駅から北陸鉄道バスで総合スポーツセンター前下車","金沢駅金沢港口から車で約20分",,unknown,unknown,3,,unknown,"窓口予約は電話不可。団体ID取得後に施設予約サービスから申込み可能。インターネット予約は利用月3か月前の22日から。大会・イベントは遅くとも3週間前までに打合せし、終了後は全使用エリアを清掃して施設スタッフの点検を受ける",unknown,conditional,unknown,,https://www.ishikawa-spc.jp/access/index.html,https://ishikawa-spc.jp/first/main-arina_senyou.html,https://www.ishikawa-spc.jp/first/taikai.html,2026-08-05,verified,"施設内無料駐車場あり、満車時は西部緑地公園内駐車場を利用。臨時店舗は県スポーツ振興課への申請と平面図・レイアウト添付が必要。駐車台数、大型車、搬入、飲食、催事専有回線、連続利用は要確認"
OP-150,CAND-139,maeda-main,新総合運動公園前バス停,0,"新青森駅から青森駅経由の電車・バスで約40〜50分、青森駅から市バスで約45分。新総合運動公園前下車で正面ロータリー到着","青森空港から車で約45分",1015,yes,unknown,,14,unknown,"次年度大会・イベントの貸切調整案内は例年11月頃。年度途中貸切は空き状況に応じ電話または窓口で予約し、予約後1週間以内に申請書を提出。利用1か月前を目安に施設職員と打合せ",unknown,unknown,unknown,"園内に合宿所あり",https://aomori-sportspark.jp/info/access/,https://aomori-sportspark.jp/info/usage-flow/,https://aomori-sportspark.jp/info/usage-flow/,2026-08-05,verified,"マエダアリーナ最寄りは第1普通671台、第2普通314台・身障者30台、大型11台。園内駐車場は無料だが催事・競技会の占用は有料。2026年国スポ・障スポ期間に施設利用制限あり。搬入、飲食、物販、催事専有回線、連続利用は要確認"
OP-151,CAND-165,konohana-main,静岡鉄道県総合運動場駅,3,"静岡鉄道県総合運動場駅から徒歩約3分",,,unknown,unknown,,,unknown,"静岡県施設予約システム『とれるnet』で予約。抽選・空き施設申込みには事前の窓口利用者登録と本人確認が必要。設備・時間・詳細項目を指定し、備品も続けて予約可能",unknown,unknown,unknown,,https://www.kusanagi-sportscomplex.jp/access/,https://www.kusanagi-sportscomplex.jp/flow/,https://www.kusanagi-sportscomplex.jp/flow/,2026-08-05,verified,"大会・イベント時は北・南駐車場が制限され、駐車券なしでは入場不可の日があるため公共交通を推奨。駐車台数、大型車、搬入、飲食、物販、催事専有回線、連続利用、予約開始時期は要確認"
OP-152,CAND-183,yonago-main,産業体育館バス停,0,"米子駅から路線バス約19〜21分で産業体育館下車。便数が少ないため、徒歩10分のリビンズ山根前バス停も案内。米子駅からタクシー約15分",,380,unknown,unknown,12,,unknown,"体育館全面の大会・展示会は利用月の前年同月20日までに次年度分調整申込書を提出し、同月末までに決定。調整翌月から随時受付。一般予約は登録団体の月次利用調整会または翌日以降の電話予約",unknown,unknown,unknown,,https://yonago-santai.jp/access/,https://yonago-santai.jp/about/usage_time/,https://yonago-santai.jp/about/usage_time/,2026-08-05,verified,"無料駐車場380台。周辺商業施設への駐車は禁止。搬入、大型車、飲食、物販、催事専有回線、連続利用は要確認"
OP-153,CAND-193,gunma-main,総合スポーツセンターバス停,0,"JR新前橋駅・群馬総社駅から総合スポーツセンター行バスで終点下車。JR前橋駅から関根停留所下車徒歩約10分",,1643,yes,unknown,3,10,unknown,"2025年4月から群馬県施設予約システムへ移行。専用利用は3か月前から10日前まで1時間単位でWEB予約。大会は大会要項・打合せ書・附属設備申請書を提出し、通常は1階から入退場",conditional,conditional,unknown,"スポーツ施設利用合宿団体向け宿泊棟120人。原則8人以上・小学3年生以上で、素泊まり",https://gunma-sports.or.jp/sportscenter/arena/facility/pdf/akusesumap02.pdf,https://www.gunma-sports.or.jp/sportscenter/arena/pdf/02yoyakusystem_henkou.pdf,https://gunma-sports.or.jp/sportscenter/arena/guide/,2026-08-05,verified,"駐車場計1,643台、大型・マイクロバスは西駐車場。物販と飲食は申請制で、火気を扱う飲食物販売は禁止。搬入、催事専有回線、連続利用は要確認"
